STATION,NAME,DATE,PRCP,TAVG,TMAX,TMIN
USW00012918,"HOUSTON WILLIAM P HOBBY AIRPORT, TX US",1962-01,1.74,49.3,60.6,38
USW00012918,"HOUSTON WILLIAM P HOBBY AIRPORT, TX US",1962-02,0.72,63.9,74.6,53.2
USW00012918,"HOUSTON WILLIAM P HOBBY AIRPORT, TX US",1962-03,0.94,58.9,70.4,47.4
USW00012918,"HOUSTON WILLIAM P HOBBY AIRPORT, TX US",1962-04,4.81,68.1,77.9,58.2
USW00012918,"HOUSTON WILLIAM P HOBBY AIRPORT, TX US",1962-05,1.15,75.6,86.1,65.1
USW00012918,"HOUSTON WILLIAM P HOBBY AIRPORT, TX US",1962-06,7.4,79.8,88.2,71.4
USW00012918,"HOUSTON WILLIAM P HOBBY AIRPORT, TX US",1962-07,0.07,84.1,94.4,73.8
USW00012918,"HOUSTON WILLIAM P HOBBY AIRPORT, TX US",1962-08,2.77,85.9,96.8,75
USW00012918,"HOUSTON WILLIAM P HOBBY AIRPORT, TX US",1962-09,3.97,81.2,90.4,72
USW00012918,"HOUSTON WILLIAM P HOBBY AIRPORT, TX US",1962-10,3.13,74.6,84.9,64.3
USW00012918,"HOUSTON WILLIAM P HOBBY AIRPORT, TX US",1962-11,5.68,60.1,70.3,49.9
USW00012918,"HOUSTON WILLIAM P HOBBY AIRPORT, TX US",1962-12,4.78,54.7,63.7,45.8
USW00012918,"HOUSTON WILLIAM P HOBBY AIRPORT, TX US",1963-01,3.09,48.3,58.1,38.6
USW00012918,"HOUSTON WILLIAM P HOBBY AIRPORT, TX US",1963-02,2.59,52.6,64.2,40.9
USW00012918,"HOUSTON WILLIAM P HOBBY AIRPORT, TX US",1963-03,0.56,64.8,75.5,54.2
USW00012918,"HOUSTON WILLIAM P HOBBY AIRPORT, TX US",1963-04,0.92,74.5,84.1,64.8
USW00012918,"HOUSTON WILLIAM P HOBBY AIRPORT, TX US",1963-05,0.62,77.4,88.3,66.6
USW00012918,"HOUSTON WILLIAM P HOBBY AIRPORT, TX US",1963-06,7.79,82,92.5,71.5
USW00012918,"HOUSTON WILLIAM P HOBBY AIRPORT, TX US",1963-07,2.08,84.3,93.5,75
USW00012918,"HOUSTON WILLIAM P HOBBY AIRPORT, TX US",1963-08,1.85,84.3,94.8,73.8
USW00012918,"HOUSTON WILLIAM P HOBBY AIRPORT, TX US",1963-09,1.94,80.4,89.7,71.1
USW00012918,"HOUSTON WILLIAM P HOBBY AIRPORT, TX US",1963-10,0.3,74.9,86.8,63
USW00012918,"HOUSTON WILLIAM P HOBBY AIRPORT, TX US",1963-11,5.72,64,74.1,54
USW00012918,"HOUSTON WILLIAM P HOBBY AIRPORT, TX US",1963-12,4.83,47.1,57.2,36.9
USW00012918,"HOUSTON WILLIAM P HOBBY AIRPORT, TX US",1964-01,2.89,51.5,61.2,41.9
USW00012918,"HOUSTON WILLIAM P HOBBY AIRPORT, TX US",1964-02,4.97,49.4,58.6,40.2
USW00012918,"HOUSTON WILLIAM P HOBBY AIRPORT, TX US",1964-03,2.24,60.4,70.6,50.2
USW00012918,"HOUSTON WILLIAM P HOBBY AIRPORT, TX US",1964-04,1.63,70.2,78.2,62.1
USW00012918,"HOUSTON WILLIAM P HOBBY AIRPORT, TX US",1964-05,2.25,75.8,84.4,67.1
USW00012918,"HOUSTON WILLIAM P HOBBY AIRPORT, TX US",1964-06,1.89,80.3,89.4,71.3
USW00012918,"HOUSTON WILLIAM P HOBBY AIRPORT, TX US",1964-07,1.68,83.7,93.8,73.6
USW00012918,"HOUSTON WILLIAM P HOBBY AIRPORT, TX US",1964-08,2.61,84.3,93.6,75.1
USW00012918,"HOUSTON WILLIAM P HOBBY AIRPORT, TX US",1964-09,6.77,79.3,87.5,71.1
USW00012918,"HOUSTON WILLIAM P HOBBY AIRPORT, TX US",1964-10,2.35,67.7,79.6,55.8
USW00012918,"HOUSTON WILLIAM P HOBBY AIRPORT, TX US",1964-11,4.28,65,75,55
USW00012918,"HOUSTON WILLIAM P HOBBY AIRPORT, TX US",1964-12,5.58,55.9,65.5,46.3
USW00012918,"HOUSTON WILLIAM P HOBBY AIRPORT, TX US",1965-01,1.87,56,67.5,44.5
USW00012918,"HOUSTON WILLIAM P HOBBY AIRPORT, TX US",1965-02,3.28,55,64.8,45.2
USW00012918,"HOUSTON WILLIAM P HOBBY AIRPORT, TX US",1965-03,0.81,58.7,69.7,47.7
USW00012918,"HOUSTON WILLIAM P HOBBY AIRPORT, TX US",1965-04,0.95,73.5,82.6,64.3
USW00012918,"HOUSTON WILLIAM P HOBBY AIRPORT, TX US",1965-05,6.54,77.1,85.1,69.1
USW00012918,"HOUSTON WILLIAM P HOBBY AIRPORT, TX US",1965-06,3.06,83,91.9,74.1
USW00012918,"HOUSTON WILLIAM P HOBBY AIRPORT, TX US",1965-07,1.57,85.1,94.9,75.3
USW00012918,"HOUSTON WILLIAM P HOBBY AIRPORT, TX US",1965-08,2.3,83.5,93.1,73.8
USW00012918,"HOUSTON WILLIAM P HOBBY AIRPORT, TX US",1965-09,3.57,81.2,90.5,71.8
USW00012918,"HOUSTON WILLIAM P HOBBY AIRPORT, TX US",1965-10,3.09,69.3,79.8,58.9
USW00012918,"HOUSTON WILLIAM P HOBBY AIRPORT, TX US",1965-11,4.82,69.1,78,60.2
USW00012918,"HOUSTON WILLIAM P HOBBY AIRPORT, TX US",1965-12,6.15,58.9,67.9,49.9
USW00012918,"HOUSTON WILLIAM P HOBBY AIRPORT, TX US",1966-01,4.46,48.3,56.5,40.1
USW00012918,"HOUSTON WILLIAM P HOBBY AIRPORT, TX US",1966-02,7.75,52.8,62,43.6
USW00012918,"HOUSTON WILLIAM P HOBBY AIRPORT, TX US",1966-03,2.2,61.4,71.7,51.3
USW00012918,"HOUSTON WILLIAM P HOBBY AIRPORT, TX US",1966-04,7.98,70.5,79.2,61.8
USW00012918,"HOUSTON WILLIAM P HOBBY AIRPORT, TX US",1966-05,11.21,75.9,83.4,68.4
USW00012918,"HOUSTON WILLIAM P HOBBY AIRPORT, TX US",1966-06,4.42,80,89,71
USW00012918,"HOUSTON WILLIAM P HOBBY AIRPORT, TX US",1966-07,1.46,84.2,92.8,75.7
USW00012918,"HOUSTON WILLIAM P HOBBY AIRPORT, TX US",1966-08,7.11,82.4,90.1,74.6
USW00012918,"HOUSTON WILLIAM P HOBBY AIRPORT, TX US",1966-09,4.01,79.6,89.4,69.8
USW00012918,"HOUSTON WILLIAM P HOBBY AIRPORT, TX US",1966-10,5.45,69.7,80.1,59.3
USW00012918,"HOUSTON WILLIAM P HOBBY AIRPORT, TX US",1966-11,1.56,64.7,75,54.4
USW00012918,"HOUSTON WILLIAM P HOBBY AIRPORT, TX US",1966-12,1.54,54.2,64.7,43.7
USW00012918,"HOUSTON WILLIAM P HOBBY AIRPORT, TX US",1967-01,2.42,54.9,65.7,44.1
USW00012918,"HOUSTON WILLIAM P HOBBY AIRPORT, TX US",1967-02,2.17,54.5,66.7,42.3
USW00012918,"HOUSTON WILLIAM P HOBBY AIRPORT, TX US",1967-03,1.83,67.5,78.5,56.6
USW00012918,"HOUSTON WILLIAM P HOBBY AIRPORT, TX US",1967-04,4.43,75.7,84.6,66.8
USW00012918,"HOUSTON WILLIAM P HOBBY AIRPORT, TX US",1967-05,2.54,75.9,85.8,66
USW00012918,"HOUSTON WILLIAM P HOBBY AIRPORT, TX US",1967-06,0.17,82.5,93.1,71.9
USW00012918,"HOUSTON WILLIAM P HOBBY AIRPORT, TX US",1967-07,7.77,82.1,91.5,72.8
USW00012918,"HOUSTON WILLIAM P HOBBY AIRPORT, TX US",1967-08,1.6,81,89.6,72.5
USW00012918,"HOUSTON WILLIAM P HOBBY AIRPORT, TX US",1967-09,4.85,77.5,86,69.1
USW00012918,"HOUSTON WILLIAM P HOBBY AIRPORT, TX US",1967-10,3.18,70.5,82.4,58.7
USW00012918,"HOUSTON WILLIAM P HOBBY AIRPORT, TX US",1967-11,0.5,64.1,74.5,53.7
USW00012918,"HOUSTON WILLIAM P HOBBY AIRPORT, TX US",1967-12,5.02,55.4,64.1,46.7
USW00012918,"HOUSTON WILLIAM P HOBBY AIRPORT, TX US",1968-01,8.02,52.7,60.6,44.7
USW00012918,"HOUSTON WILLIAM P HOBBY AIRPORT, TX US",1968-02,1.99,50.4,60.8,39.9
USW00012918,"HOUSTON WILLIAM P HOBBY AIRPORT, TX US",1968-03,2.92,58.9,69.6,48.3
USW00012918,"HOUSTON WILLIAM P HOBBY AIRPORT, TX US",1968-04,3.02,71.1,79.9,62.3
USW00012918,"HOUSTON WILLIAM P HOBBY AIRPORT, TX US",1968-05,13.24,76.3,85.1,67.5
USW00012918,"HOUSTON WILLIAM P HOBBY AIRPORT, TX US",1968-06,11.18,80.4,87.7,73.2
USW00012918,"HOUSTON WILLIAM P HOBBY AIRPORT, TX US",1968-07,6.5,82.4,90.4,74.4
USW00012918,"HOUSTON WILLIAM P HOBBY AIRPORT, TX US",1968-08,2.91,83.9,92.8,75.1
USW00012918,"HOUSTON WILLIAM P HOBBY AIRPORT, TX US",1968-09,3.88,78.5,87.6,69.5
USW00012918,"HOUSTON WILLIAM P HOBBY AIRPORT, TX US",1968-10,3.91,73.5,83.7,63.3
USW00012918,"HOUSTON WILLIAM P HOBBY AIRPORT, TX US",1968-11,2.71,59.7,71,48.3
USW00012918,"HOUSTON WILLIAM P HOBBY AIRPORT, TX US",1968-12,1.2,55.7,66.2,45.1
USW00012918,"HOUSTON WILLIAM P HOBBY AIRPORT, TX US",1969-01,2.74,56.7,65.4,48
USW00012918,"HOUSTON WILLIAM P HOBBY AIRPORT, TX US",1969-02,5.31,56.9,65.3,48.5
USW00012918,"HOUSTON WILLIAM P HOBBY AIRPORT, TX US",1969-03,3.19,56.1,65.3,46.8
USW00012918,"HOUSTON WILLIAM P HOBBY AIRPORT, TX US",1969-04,3.34,70.3,79.4,61.1
USW00012918,"HOUSTON WILLIAM P HOBBY AIRPORT, TX US",1969-05,4.73,75.3,84.2,66.5
USW00012918,"HOUSTON WILLIAM P HOBBY AIRPORT, TX US",1969-06,1.89,81.3,90.8,71.8
USW00012918,"HOUSTON WILLIAM P HOBBY AIRPORT, TX US",1969-07,3.92,85.3,95.1,75.6
USW00012918,"HOUSTON WILLIAM P HOBBY AIRPORT, TX US",1969-08,2.37,85.4,95.2,75.6
USW00012918,"HOUSTON WILLIAM P HOBBY AIRPORT, TX US",1969-09,4.15,81.1,90.8,71.3
USW00012918,"HOUSTON WILLIAM P HOBBY AIRPORT, TX US",1969-10,4.41,73.9,83.2,64.6
USW00012918,"HOUSTON WILLIAM P HOBBY AIRPORT, TX US",1969-11,1.5,60.8,72.7,49
USW00012918,"HOUSTON WILLIAM P HOBBY AIRPORT, TX US",1969-12,4.75,56.9,67.7,46.2
USW00012918,"HOUSTON WILLIAM P HOBBY AIRPORT, TX US",1970-01,2.5,48.6,57.9,39.4
USW00012918,"HOUSTON WILLIAM P HOBBY AIRPORT, TX US",1970-02,3.02,56.6,67.7,45.6
USW00012918,"HOUSTON WILLIAM P HOBBY AIRPORT, TX US",1970-03,5.23,59.1,69,49.2
USW00012918,"HOUSTON WILLIAM P HOBBY AIRPORT, TX US",1970-04,2.8,72.2,80.9,63.4
USW00012918,"HOUSTON WILLIAM P HOBBY AIRPORT, TX US",1970-05,14.85,73.3,81.7,65
USW00012918,"HOUSTON WILLIAM P HOBBY AIRPORT, TX US",1970-06,1.54,80.5,89.6,71.5
USW00012918,"HOUSTON WILLIAM P HOBBY AIRPORT, TX US",1970-07,3.51,83.5,92.7,74.4
USW00012918,"HOUSTON WILLIAM P HOBBY AIRPORT, TX US",1970-08,2.39,84.1,93.5,74.8
USW00012918,"HOUSTON WILLIAM P HOBBY AIRPORT, TX US",1970-09,9.86,80.7,88.4,73
USW00012918,"HOUSTON WILLIAM P HOBBY AIRPORT, TX US",1970-10,8.37,69.3,79.7,58.9
USW00012918,"HOUSTON WILLIAM P HOBBY AIRPORT, TX US",1970-11,1.78,59.1,71.1,47.2
USW00012918,"HOUSTON WILLIAM P HOBBY AIRPORT, TX US",1970-12,0.49,62.3,72.7,52
USW00012918,"HOUSTON WILLIAM P HOBBY AIRPORT, TX US",1971-01,0.2,58.5,69,48
USW00012918,"HOUSTON WILLIAM P HOBBY AIRPORT, TX US",1971-02,1.54,57.8,69.5,46
USW00012918,"HOUSTON WILLIAM P HOBBY AIRPORT, TX US",1971-03,1.36,62.5,75.1,50
USW00012918,"HOUSTON WILLIAM P HOBBY AIRPORT, TX US",1971-04,1.8,68.1,78.2,58
USW00012918,"HOUSTON WILLIAM P HOBBY AIRPORT, TX US",1971-05,2.12,74.8,83.5,66.1
USW00012918,"HOUSTON WILLIAM P HOBBY AIRPORT, TX US",1971-06,1.83,81.1,90.9,71.3
USW00012918,"HOUSTON WILLIAM P HOBBY AIRPORT, TX US",1971-07,3.39,84,94.4,73.6
USW00012918,"HOUSTON WILLIAM P HOBBY AIRPORT, TX US",1971-08,7.21,81.4,89.6,73.2
USW00012918,"HOUSTON WILLIAM P HOBBY AIRPORT, TX US",1971-09,7.36,79.5,86.8,72.2
USW00012918,"HOUSTON WILLIAM P HOBBY AIRPORT, TX US",1971-10,2.1,74.2,82.9,65.4
USW00012918,"HOUSTON WILLIAM P HOBBY AIRPORT, TX US",1971-11,2.29,63,73.2,52.8
USW00012918,"HOUSTON WILLIAM P HOBBY AIRPORT, TX US",1971-12,5.72,61.9,69.9,53.9
USW00012918,"HOUSTON WILLIAM P HOBBY AIRPORT, TX US",1972-01,3.83,58.9,68.9,49
USW00012918,"HOUSTON WILLIAM P HOBBY AIRPORT, TX US",1972-02,2.02,57.9,68.5,47.3
USW00012918,"HOUSTON WILLIAM P HOBBY AIRPORT, TX US",1972-03,0.93,66,76.4,55.5
USW00012918,"HOUSTON WILLIAM P HOBBY AIRPORT, TX US",1972-04,6.98,73.2,83.4,62.9
USW00012918,"HOUSTON WILLIAM P HOBBY AIRPORT, TX US",1972-05,7.62,75.5,84.3,66.8
USW00012918,"HOUSTON WILLIAM P HOBBY AIRPORT, TX US",1972-06,5.92,82,90.9,73.1
USW00012918,"HOUSTON WILLIAM P HOBBY AIRPORT, TX US",1972-07,5.56,82.2,90.2,74.1
USW00012918,"HOUSTON WILLIAM P HOBBY AIRPORT, TX US",1972-08,2.08,83,92.1,73.8
USW00012918,"HOUSTON WILLIAM P HOBBY AIRPORT, TX US",1972-09,7.15,82.3,90.5,74.1
USW00012918,"HOUSTON WILLIAM P HOBBY AIRPORT, TX US",1972-10,1.69,72.1,81.4,62.7
USW00012918,"HOUSTON WILLIAM P HOBBY AIRPORT, TX US",1972-11,8.39,56.6,64.8,48.2
USW00012918,"HOUSTON WILLIAM P HOBBY AIRPORT, TX US",1972-12,1.22,54.7,65.7,43.6
USW00012918,"HOUSTON WILLIAM P HOBBY AIRPORT, TX US",1973-01,4.53,49.7,58.7,40.6
USW00012918,"HOUSTON WILLIAM P HOBBY AIRPORT, TX US",1973-02,3.5,53.5,64.2,42.8
USW00012918,"HOUSTON WILLIAM P HOBBY AIRPORT, TX US",1973-03,4.59,66,75.2,56.8
USW00012918,"HOUSTON WILLIAM P HOBBY AIRPORT, TX US",1973-04,10.49,66.2,74.8,57.6
USW00012918,"HOUSTON WILLIAM P HOBBY AIRPORT, TX US",1973-05,3.6,75.4,85.2,65.6
USW00012918,"HOUSTON WILLIAM P HOBBY AIRPORT, TX US",1973-06,14.71,80.5,88,73.1
USW00012918,"HOUSTON WILLIAM P HOBBY AIRPORT, TX US",1973-07,9.4,83.9,92.6,75.3
USW00012918,"HOUSTON WILLIAM P HOBBY AIRPORT, TX US",1973-08,4.13,81.5,89.1,73.9
USW00012918,"HOUSTON WILLIAM P HOBBY AIRPORT, TX US",1973-09,9.53,80,87.4,72.7
USW00012918,"HOUSTON WILLIAM P HOBBY AIRPORT, TX US",1973-10,12.47,74,82.9,65
USW00012918,"HOUSTON WILLIAM P HOBBY AIRPORT, TX US",1973-11,0.38,69.6,80,59.3
USW00012918,"HOUSTON WILLIAM P HOBBY AIRPORT, TX US",1973-12,3.26,55.5,67.6,43.3
USW00012918,"HOUSTON WILLIAM P HOBBY AIRPORT, TX US",1974-01,4.76,57.3,65.7,48.9
USW00012918,"HOUSTON WILLIAM P HOBBY AIRPORT, TX US",1974-02,1.43,58.3,69.9,46.7
USW00012918,"HOUSTON WILLIAM P HOBBY AIRPORT, TX US",1974-03,4.54,68,76.5,59.5
USW00012918,"HOUSTON WILLIAM P HOBBY AIRPORT, TX US",1974-04,2.61,69.8,79.1,60.4
USW00012918,"HOUSTON WILLIAM P HOBBY AIRPORT, TX US",1974-05,7.93,78.1,86.4,69.7
USW00012918,"HOUSTON WILLIAM P HOBBY AIRPORT, TX US",1974-06,2.06,81,90,71.9
USW00012918,"HOUSTON WILLIAM P HOBBY AIRPORT, TX US",1974-07,4.99,83.3,92.8,73.8
USW00012918,"HOUSTON WILLIAM P HOBBY AIRPORT, TX US",1974-08,8.83,82.9,91.1,74.6
USW00012918,"HOUSTON WILLIAM P HOBBY AIRPORT, TX US",1974-09,4.48,76.5,84.7,68.3
USW00012918,"HOUSTON WILLIAM P HOBBY AIRPORT, TX US",1974-10,6,73.2,83.3,63.1
USW00012918,"HOUSTON WILLIAM P HOBBY AIRPORT, TX US",1974-11,7.14,61.9,71.1,52.8
USW00012918,"HOUSTON WILLIAM P HOBBY AIRPORT, TX US",1974-12,3.19,56.2,66.1,46.3
USW00012918,"HOUSTON WILLIAM P HOBBY AIRPORT, TX US",1975-01,3.48,58.6,68.4,48.7
USW00012918,"HOUSTON WILLIAM P HOBBY AIRPORT, TX US",1975-02,1.02,57.4,68.1,46.7
USW00012918,"HOUSTON WILLIAM P HOBBY AIRPORT, TX US",1975-03,2.33,63,72.3,53.6
USW00012918,"HOUSTON WILLIAM P HOBBY AIRPORT, TX US",1975-04,4.66,69.4,77.3,61.4
USW00012918,"HOUSTON WILLIAM P HOBBY AIRPORT, TX US",1975-05,7.14,77.1,85,69.1
USW00012918,"HOUSTON WILLIAM P HOBBY AIRPORT, TX US",1975-06,10.06,81.4,89.9,72.8
USW00012918,"HOUSTON WILLIAM P HOBBY AIRPORT, TX US",1975-07,2.79,83,92,74
USW00012918,"HOUSTON WILLIAM P HOBBY AIRPORT, TX US",1975-08,7.52,82,90.2,73.8
USW00012918,"HOUSTON WILLIAM P HOBBY AIRPORT, TX US",1975-09,0.64,77.3,87.1,67.5
USW00012918,"HOUSTON WILLIAM P HOBBY AIRPORT, TX US",1975-10,6.21,71.3,82.6,60.1
USW00012918,"HOUSTON WILLIAM P HOBBY AIRPORT, TX US",1975-11,1.5,62.3,73.9,50.8
USW00012918,"HOUSTON WILLIAM P HOBBY AIRPORT, TX US",1975-12,1.73,54.2,64.2,44.2
USW00012918,"HOUSTON WILLIAM P HOBBY AIRPORT, TX US",1976-01,2.09,52.4,64,40.9
USW00012918,"HOUSTON WILLIAM P HOBBY AIRPORT, TX US",1976-02,0.43,61.5,73.5,49.4
USW00012918,"HOUSTON WILLIAM P HOBBY AIRPORT, TX US",1976-03,3.41,64.3,72.2,56.3
USW00012918,"HOUSTON WILLIAM P HOBBY AIRPORT, TX US",1976-04,3.52,69.9,79,60.7
USW00012918,"HOUSTON WILLIAM P HOBBY AIRPORT, TX US",1976-05,3.85,72.5,82.9,62
USW00012918,"HOUSTON WILLIAM P HOBBY AIRPORT, TX US",1976-06,15.5,79.4,88.1,70.6
USW00012918,"HOUSTON WILLIAM P HOBBY AIRPORT, TX US",1976-07,10.35,82.1,89.7,74.5
USW00012918,"HOUSTON WILLIAM P HOBBY AIRPORT, TX US",1976-08,3.78,82.9,92.9,72.9
USW00012918,"HOUSTON WILLIAM P HOBBY AIRPORT, TX US",1976-09,7.43,79,88,70
USW00012918,"HOUSTON WILLIAM P HOBBY AIRPORT, TX US",1976-10,4.81,62.2,71.8,52.6
USW00012918,"HOUSTON WILLIAM P HOBBY AIRPORT, TX US",1976-11,6.81,53.7,62.8,44.7
USW00012918,"HOUSTON WILLIAM P HOBBY AIRPORT, TX US",1976-12,7.68,50.7,60.3,41.2
USW00012918,"HOUSTON WILLIAM P HOBBY AIRPORT, TX US",1977-01,3.6,44.9,53.7,36
USW00012918,"HOUSTON WILLIAM P HOBBY AIRPORT, TX US",1977-02,2.75,55.2,65.8,44.6
USW00012918,"HOUSTON WILLIAM P HOBBY AIRPORT, TX US",1977-03,3.01,62.7,72.4,53
USW00012918,"HOUSTON WILLIAM P HOBBY AIRPORT, TX US",1977-04,4.97,68.2,78.6,57.8
USW00012918,"HOUSTON WILLIAM P HOBBY AIRPORT, TX US",1977-05,1.98,76.4,86.1,66.8
USW00012918,"HOUSTON WILLIAM P HOBBY AIRPORT, TX US",1977-06,3.99,83,92.3,73.7
USW00012918,"HOUSTON WILLIAM P HOBBY AIRPORT, TX US",1977-07,3.74,84.2,93.8,74.6
USW00012918,"HOUSTON WILLIAM P HOBBY AIRPORT, TX US",1977-08,3.33,84.8,92.8,76.9
USW00012918,"HOUSTON WILLIAM P HOBBY AIRPORT, TX US",1977-09,4.89,82,91.5,72.5
USW00012918,"HOUSTON WILLIAM P HOBBY AIRPORT, TX US",1977-10,1.16,72,83.1,60.8
USW00012918,"HOUSTON WILLIAM P HOBBY AIRPORT, TX US",1977-11,6.75,63.8,73.9,53.7
USW00012918,"HOUSTON WILLIAM P HOBBY AIRPORT, TX US",1977-12,1.61,55.3,65.9,44.8
USW00012918,"HOUSTON WILLIAM P HOBBY AIRPORT, TX US",1978-01,8.12,43.4,50.2,36.5
USW00012918,"HOUSTON WILLIAM P HOBBY AIRPORT, TX US",1978-02,3.26,46.3,55.1,37.4
USW00012918,"HOUSTON WILLIAM P HOBBY AIRPORT, TX US",1978-03,0.87,58.7,71,46.5
USW00012918,"HOUSTON WILLIAM P HOBBY AIRPORT, TX US",1978-04,0.91,68.7,78.5,59
USW00012918,"HOUSTON WILLIAM P HOBBY AIRPORT, TX US",1978-05,2.88,77.6,88.4,66.9
USW00012918,"HOUSTON WILLIAM P HOBBY AIRPORT, TX US",1978-06,4.76,81.8,90.8,72.7
USW00012918,"HOUSTON WILLIAM P HOBBY AIRPORT, TX US",1978-07,2.82,84.1,93.5,74.8
USW00012918,"HOUSTON WILLIAM P HOBBY AIRPORT, TX US",1978-08,2.66,83.7,93.1,74.2
USW00012918,"HOUSTON WILLIAM P HOBBY AIRPORT, TX US",1978-09,8.09,79.7,87.2,72.2
USW00012918,"HOUSTON WILLIAM P HOBBY AIRPORT, TX US",1978-10,0,70.4,82.5,58.3
USW00012918,"HOUSTON WILLIAM P HOBBY AIRPORT, TX US",1978-11,7.88,64.8,74.1,55.6
USW00012918,"HOUSTON WILLIAM P HOBBY AIRPORT, TX US",1978-12,2.23,53.8,64.4,43.2
USW00012918,"HOUSTON WILLIAM P HOBBY AIRPORT, TX US",1979-01,5.54,44.4,52.6,36.2
USW00012918,"HOUSTON WILLIAM P HOBBY AIRPORT, TX US",1979-02,4.53,51.6,60.8,42.5
USW00012918,"HOUSTON WILLIAM P HOBBY AIRPORT, TX US",1979-03,7.93,62.8,72.9,52.8
USW00012918,"HOUSTON WILLIAM P HOBBY AIRPORT, TX US",1979-04,5.87,69.8,77.9,61.7
USW00012918,"HOUSTON WILLIAM P HOBBY AIRPORT, TX US",1979-05,4.99,73.3,83,63.5
USW00012918,"HOUSTON WILLIAM P HOBBY AIRPORT, TX US",1979-06,6.75,80.3,88.7,71.8
USW00012918,"HOUSTON WILLIAM P HOBBY AIRPORT, TX US",1979-07,17.26,82.2,89.8,74.7
USW00012918,"HOUSTON WILLIAM P HOBBY AIRPORT, TX US",1979-08,5.49,82.3,90.6,74
USW00012918,"HOUSTON WILLIAM P HOBBY AIRPORT, TX US",1979-09,15,77.1,85.3,68.9
USW00012918,"HOUSTON WILLIAM P HOBBY AIRPORT, TX US",1979-10,5.87,71.7,83.8,59.5
USW00012918,"HOUSTON WILLIAM P HOBBY AIRPORT, TX US",1979-11,1.41,57.4,68.9,45.8
USW00012918,"HOUSTON WILLIAM P HOBBY AIRPORT, TX US",1979-12,2.38,53.5,64.5,42.5
USW00012918,"HOUSTON WILLIAM P HOBBY AIRPORT, TX US",1980-01,7.39,55.4,63.8,47
USW00012918,"HOUSTON WILLIAM P HOBBY AIRPORT, TX US",1980-02,1.81,54,64.1,43.8
USW00012918,"HOUSTON WILLIAM P HOBBY AIRPORT, TX US",1980-03,4.48,61.4,70.4,52.5
USW00012918,"HOUSTON WILLIAM P HOBBY AIRPORT, TX US",1980-04,2.22,66.3,77.2,55.5
USW00012918,"HOUSTON WILLIAM P HOBBY AIRPORT, TX US",1980-05,4.69,77.2,85.7,68.6
USW00012918,"HOUSTON WILLIAM P HOBBY AIRPORT, TX US",1980-06,1.87,83.3,93.2,73.4
USW00012918,"HOUSTON WILLIAM P HOBBY AIRPORT, TX US",1980-07,2.28,86.1,96.3,75.8
USW00012918,"HOUSTON WILLIAM P HOBBY AIRPORT, TX US",1980-08,0.94,84.6,93.7,75.5
USW00012918,"HOUSTON WILLIAM P HOBBY AIRPORT, TX US",1980-09,7.52,82.3,90.8,73.8
USW00012918,"HOUSTON WILLIAM P HOBBY AIRPORT, TX US",1980-10,1.65,68.2,79.6,56.8
USW00012918,"HOUSTON WILLIAM P HOBBY AIRPORT, TX US",1980-11,3.03,57.9,68.4,47.5
USW00012918,"HOUSTON WILLIAM P HOBBY AIRPORT, TX US",1980-12,1.83,54.5,64.7,44.3
USW00012918,"HOUSTON WILLIAM P HOBBY AIRPORT, TX US",1981-01,3.56,50.6,61.3,40
USW00012918,"HOUSTON WILLIAM P HOBBY AIRPORT, TX US",1981-02,3.19,54.1,64.1,44.2
USW00012918,"HOUSTON WILLIAM P HOBBY AIRPORT, TX US",1981-03,1.57,61.5,71.4,51.6
USW00012918,"HOUSTON WILLIAM P HOBBY AIRPORT, TX US",1981-04,1.84,73.1,82.1,64.2
USW00012918,"HOUSTON WILLIAM P HOBBY AIRPORT, TX US",1981-05,11.13,74.9,83.4,66.4
USW00012918,"HOUSTON WILLIAM P HOBBY AIRPORT, TX US",1981-06,15.48,81.6,88.8,74.5
USW00012918,"HOUSTON WILLIAM P HOBBY AIRPORT, TX US",1981-07,9.14,83.3,91.8,74.8
USW00012918,"HOUSTON WILLIAM P HOBBY AIRPORT, TX US",1981-08,16.01,83.4,91.7,75
USW00012918,"HOUSTON WILLIAM P HOBBY AIRPORT, TX US",1981-09,2.26,78.6,87.7,69.6
USW00012918,"HOUSTON WILLIAM P HOBBY AIRPORT, TX US",1981-10,12.52,72.1,80.6,63.7
USW00012918,"HOUSTON WILLIAM P HOBBY AIRPORT, TX US",1981-11,2.73,64.4,74.7,54.1
USW00012918,"HOUSTON WILLIAM P HOBBY AIRPORT, TX US",1981-12,2.72,55.3,64.9,45.7
USW00012918,"HOUSTON WILLIAM P HOBBY AIRPORT, TX US",1982-01,2.23,53.7,64.2,43.1
USW00012918,"HOUSTON WILLIAM P HOBBY AIRPORT, TX US",1982-02,3.66,52.9,62,43.7
USW00012918,"HOUSTON WILLIAM P HOBBY AIRPORT, TX US",1982-03,2.38,64.4,72.8,55.9
USW00012918,"HOUSTON WILLIAM P HOBBY AIRPORT, TX US",1982-04,3.48,67.7,75.8,59.5
USW00012918,"HOUSTON WILLIAM P HOBBY AIRPORT, TX US",1982-05,6.53,74.9,83.3,66.5
USW00012918,"HOUSTON WILLIAM P HOBBY AIRPORT, TX US",1982-06,6.29,81.9,91.4,72.4
USW00012918,"HOUSTON WILLIAM P HOBBY AIRPORT, TX US",1982-07,1.51,83.9,93.4,74.5
USW00012918,"HOUSTON WILLIAM P HOBBY AIRPORT, TX US",1982-08,4.76,84.4,93.4,75.4
USW00012918,"HOUSTON WILLIAM P HOBBY AIRPORT, TX US",1982-09,1.89,80.6,90,71.2
USW00012918,"HOUSTON WILLIAM P HOBBY AIRPORT, TX US",1982-10,1.7,71,80.5,61.5
USW00012918,"HOUSTON WILLIAM P HOBBY AIRPORT, TX US",1982-11,7.16,62.1,71.1,53.1
USW00012918,"HOUSTON WILLIAM P HOBBY AIRPORT, TX US",1982-12,4.83,56.6,65.3,47.8
USW00012918,"HOUSTON WILLIAM P HOBBY AIRPORT, TX US",1983-01,2.59,51.6,60.6,42.7
USW00012918,"HOUSTON WILLIAM P HOBBY AIRPORT, TX US",1983-02,6.02,53.8,62.3,45.2
USW00012918,"HOUSTON WILLIAM P HOBBY AIRPORT, TX US",1983-03,3.89,59.4,69.9,49
USW00012918,"HOUSTON WILLIAM P HOBBY AIRPORT, TX US",1983-04,0.16,65.3,74.5,56.1
USW00012918,"HOUSTON WILLIAM P HOBBY AIRPORT, TX US",1983-05,5.5,74,82.8,65.2
USW00012918,"HOUSTON WILLIAM P HOBBY AIRPORT, TX US",1983-06,4.26,79.7,88.2,71.2
USW00012918,"HOUSTON WILLIAM P HOBBY AIRPORT, TX US",1983-07,7.37,82.9,90.6,75.1
USW00012918,"HOUSTON WILLIAM P HOBBY AIRPORT, TX US",1983-08,7.67,83.3,91.1,75.5
USW00012918,"HOUSTON WILLIAM P HOBBY AIRPORT, TX US",1983-09,8.73,77.4,85.4,69.3
USW00012918,"HOUSTON WILLIAM P HOBBY AIRPORT, TX US",1983-10,3.79,71.6,80.7,62.5
USW00012918,"HOUSTON WILLIAM P HOBBY AIRPORT, TX US",1983-11,2.98,64.1,73.3,54.9
USW00012918,"HOUSTON WILLIAM P HOBBY AIRPORT, TX US",1983-12,3.53,46.8,55.5,38.2
USW00012918,"HOUSTON WILLIAM P HOBBY AIRPORT, TX US",1984-01,4.03,48.5,56.5,40.6
USW00012918,"HOUSTON WILLIAM P HOBBY AIRPORT, TX US",1984-02,3.27,56.3,66.3,46.4
USW00012918,"HOUSTON WILLIAM P HOBBY AIRPORT, TX US",1984-03,1.93,63.2,72.5,54
USW00012918,"HOUSTON WILLIAM P HOBBY AIRPORT, TX US",1984-04,0.2,69.8,80.3,59.3
USW00012918,"HOUSTON WILLIAM P HOBBY AIRPORT, TX US",1984-05,3.17,76.6,85.7,67.4
USW00012918,"HOUSTON WILLIAM P HOBBY AIRPORT, TX US",1984-06,2.18,79.8,88.6,70.9
USW00012918,"HOUSTON WILLIAM P HOBBY AIRPORT, TX US",1984-07,4.82,82.4,91.6,73.3
USW00012918,"HOUSTON WILLIAM P HOBBY AIRPORT, TX US",1984-08,7.69,82,90.6,73.4
USW00012918,"HOUSTON WILLIAM P HOBBY AIRPORT, TX US",1984-09,5.34,77.4,85.3,69.5
USW00012918,"HOUSTON WILLIAM P HOBBY AIRPORT, TX US",1984-10,10.84,74.9,82.4,67.4
USW00012918,"HOUSTON WILLIAM P HOBBY AIRPORT, TX US",1984-11,2.73,61.5,71.4,51.7
USW00012918,"HOUSTON WILLIAM P HOBBY AIRPORT, TX US",1984-12,3.52,64.8,72.6,57.1
USW00012918,"HOUSTON WILLIAM P HOBBY AIRPORT, TX US",1985-01,2.17,48.1,57.3,38.9
USW00012918,"HOUSTON WILLIAM P HOBBY AIRPORT, TX US",1985-02,6.94,52.4,60.1,44.7
USW00012918,"HOUSTON WILLIAM P HOBBY AIRPORT, TX US",1985-03,5.48,66.6,74,59.3
USW00012918,"HOUSTON WILLIAM P HOBBY AIRPORT, TX US",1985-04,0.87,71.6,79.9,63.3
USW00012918,"HOUSTON WILLIAM P HOBBY AIRPORT, TX US",1985-05,1.52,77.4,85.9,69
USW00012918,"HOUSTON WILLIAM P HOBBY AIRPORT, TX US",1985-06,4.86,81.8,89.6,74
USW00012918,"HOUSTON WILLIAM P HOBBY AIRPORT, TX US",1985-07,3.47,81.4,89.7,73.1
USW00012918,"HOUSTON WILLIAM P HOBBY AIRPORT, TX US",1985-08,2.37,83.1,92.2,74.1
USW00012918,"HOUSTON WILLIAM P HOBBY AIRPORT, TX US",1985-09,5.04,80,87.7,72.4
USW00012918,"HOUSTON WILLIAM P HOBBY AIRPORT, TX US",1985-10,4.9,73.2,79.8,66.6
USW00012918,"HOUSTON WILLIAM P HOBBY AIRPORT, TX US",1985-11,7.27,67.3,74.8,59.8
USW00012918,"HOUSTON WILLIAM P HOBBY AIRPORT, TX US",1985-12,2.65,52.7,61.6,43.7
USW00012918,"HOUSTON WILLIAM P HOBBY AIRPORT, TX US",1986-01,1.11,56.3,65.7,46.8
USW00012918,"HOUSTON WILLIAM P HOBBY AIRPORT, TX US",1986-02,2.72,61.3,70.4,52.2
USW00012918,"HOUSTON WILLIAM P HOBBY AIRPORT, TX US",1986-03,1.5,65,75.2,54.7
USW00012918,"HOUSTON WILLIAM P HOBBY AIRPORT, TX US",1986-04,1.13,71.7,80,63.2
USW00012918,"HOUSTON WILLIAM P HOBBY AIRPORT, TX US",1986-05,3.85,75.7,83.2,68.1
USW00012918,"HOUSTON WILLIAM P HOBBY AIRPORT, TX US",1986-06,10.09,81.6,89.1,74.2
USW00012918,"HOUSTON WILLIAM P HOBBY AIRPORT, TX US",1986-07,0.23,85,94.4,75.6
USW00012918,"HOUSTON WILLIAM P HOBBY AIRPORT, TX US",1986-08,5.56,83.2,91.3,75.1
USW00012918,"HOUSTON WILLIAM P HOBBY AIRPORT, TX US",1986-09,5.53,82.1,88.4,75.9
USW00012918,"HOUSTON WILLIAM P HOBBY AIRPORT, TX US",1986-10,5.98,70.3,78,62.7
USW00012918,"HOUSTON WILLIAM P HOBBY AIRPORT, TX US",1986-11,9.48,63.5,70.1,57
USW00012918,"HOUSTON WILLIAM P HOBBY AIRPORT, TX US",1986-12,6.64,53.2,59.3,47.1
USW00012918,"HOUSTON WILLIAM P HOBBY AIRPORT, TX US",1987-01,2.83,52.1,60.7,43.4
USW00012918,"HOUSTON WILLIAM P HOBBY AIRPORT, TX US",1987-02,4.45,56.8,64.5,49.2
USW00012918,"HOUSTON WILLIAM P HOBBY AIRPORT, TX US",1987-03,0.41,60.5,71,50.2
USW00012918,"HOUSTON WILLIAM P HOBBY AIRPORT, TX US",1987-04,0.06,68.4,81.2,55.5
USW00012918,"HOUSTON WILLIAM P HOBBY AIRPORT, TX US",1987-05,6.18,76.8,84.1,69.6
USW00012918,"HOUSTON WILLIAM P HOBBY AIRPORT, TX US",1987-06,9.31,81.4,88.4,74.5
USW00012918,"HOUSTON WILLIAM P HOBBY AIRPORT, TX US",1987-07,8.66,83.6,91.1,76.2
USW00012918,"HOUSTON WILLIAM P HOBBY AIRPORT, TX US",1987-08,3.15,85.2,93.8,76.6
USW00012918,"HOUSTON WILLIAM P HOBBY AIRPORT, TX US",1987-09,1.89,79.3,87.9,70.6
USW00012918,"HOUSTON WILLIAM P HOBBY AIRPORT, TX US",1987-10,0.75,69.6,79.7,59.5
USW00012918,"HOUSTON WILLIAM P HOBBY AIRPORT, TX US",1987-11,3.17,61.4,71,51.7
USW00012918,"HOUSTON WILLIAM P HOBBY AIRPORT, TX US",1987-12,3.28,56.8,65,48.6
USW00012918,"HOUSTON WILLIAM P HOBBY AIRPORT, TX US",1988-01,1.14,49.3,57.9,40.6
USW00012918,"HOUSTON WILLIAM P HOBBY AIRPORT, TX US",1988-02,0.63,54.8,63.6,45.9
USW00012918,"HOUSTON WILLIAM P HOBBY AIRPORT, TX US",1988-03,5.02,61.4,70.8,52.1
USW00012918,"HOUSTON WILLIAM P HOBBY AIRPORT, TX US",1988-04,2.2,68.3,78.2,58.4
USW00012918,"HOUSTON WILLIAM P HOBBY AIRPORT, TX US",1988-05,0.49,74.3,83.7,64.9
USW00012918,"HOUSTON WILLIAM P HOBBY AIRPORT, TX US",1988-06,2.63,80.3,89.3,71.2
USW00012918,"HOUSTON WILLIAM P HOBBY AIRPORT, TX US",1988-07,3.81,82.8,90.6,75
USW00012918,"HOUSTON WILLIAM P HOBBY AIRPORT, TX US",1988-08,1.17,85,93.5,76.5
USW00012918,"HOUSTON WILLIAM P HOBBY AIRPORT, TX US",1988-09,4.32,80.2,88.2,72.1
USW00012918,"HOUSTON WILLIAM P HOBBY AIRPORT, TX US",1988-10,2.94,72.2,81.2,63.2
USW00012918,"HOUSTON WILLIAM P HOBBY AIRPORT, TX US",1988-11,1.12,66.4,76.1,56.7
USW00012918,"HOUSTON WILLIAM P HOBBY AIRPORT, TX US",1988-12,1.17,56.9,66.2,47.6
USW00012918,"HOUSTON WILLIAM P HOBBY AIRPORT, TX US",1989-01,6.36,58.8,66.6,51
USW00012918,"HOUSTON WILLIAM P HOBBY AIRPORT, TX US",1989-02,0.61,53.5,60.2,46.7
USW00012918,"HOUSTON WILLIAM P HOBBY AIRPORT, TX US",1989-03,2.07,61.4,71,51.8
USW00012918,"HOUSTON WILLIAM P HOBBY AIRPORT, TX US",1989-04,1.43,69.4,77.9,60.9
USW00012918,"HOUSTON WILLIAM P HOBBY AIRPORT, TX US",1989-05,6.21,77.9,85.8,70
USW00012918,"HOUSTON WILLIAM P HOBBY AIRPORT, TX US",1989-06,17.35,79.9,86.5,73.3
USW00012918,"HOUSTON WILLIAM P HOBBY AIRPORT, TX US",1989-07,2.28,82.5,89.6,75.4
USW00012918,"HOUSTON WILLIAM P HOBBY AIRPORT, TX US",1989-08,9.95,82.1,89.3,74.8
USW00012918,"HOUSTON WILLIAM P HOBBY AIRPORT, TX US",1989-09,0.56,78.4,86.9,69.8
USW00012918,"HOUSTON WILLIAM P HOBBY AIRPORT, TX US",1989-10,3.4,71.3,81.6,61
USW00012918,"HOUSTON WILLIAM P HOBBY AIRPORT, TX US",1989-11,2.53,64.4,72.6,56.2
USW00012918,"HOUSTON WILLIAM P HOBBY AIRPORT, TX US",1989-12,0.59,45.7,55.6,35.9
USW00012919,"HOUSTON WILLIAM P HOBBY AIRPORT, TX US",1990-01,2.27,53.15,62.3,44.05
USW00012918,"HOUSTON WILLIAM P HOBBY AIRPORT, TX US",1990-02,3.95,60.6,69,52.2
USW00012918,"HOUSTON WILLIAM P HOBBY AIRPORT, TX US",1990-03,4.47,64.1,71.7,56.5
USW00012918,"HOUSTON WILLIAM P HOBBY AIRPORT, TX US",1990-04,4.37,69.8,77.8,61.9
USW00012918,"HOUSTON WILLIAM P HOBBY AIRPORT, TX US",1990-05,3.89,77.8,84.8,70.8
USW00012918,"HOUSTON WILLIAM P HOBBY AIRPORT, TX US",1990-06,1.97,85,93.7,76.2
USW00012918,"HOUSTON WILLIAM P HOBBY AIRPORT, TX US",1990-07,2.07,82.7,90.6,74.7
USW00012918,"HOUSTON WILLIAM P HOBBY AIRPORT, TX US",1990-08,1.69,84.8,94.3,75.4
USW00012918,"HOUSTON WILLIAM P HOBBY AIRPORT, TX US",1990-09,4.9,80.5,88.4,72.6
USW00012918,"HOUSTON WILLIAM P HOBBY AIRPORT, TX US",1990-10,2.83,69.5,79.8,59.3
USW00012918,"HOUSTON WILLIAM P HOBBY AIRPORT, TX US",1990-11,3.04,64.5,74.2,54.7
USW00012918,"HOUSTON WILLIAM P HOBBY AIRPORT, TX US",1990-12,2.74,55,64.6,45.5
USW00012918,"HOUSTON WILLIAM P HOBBY AIRPORT, TX US",1991-01,9.59,51.4,58.4,44.5
USW00012918,"HOUSTON WILLIAM P HOBBY AIRPORT, TX US",1991-02,5.76,58.5,66.9,50.1
USW00012918,"HOUSTON WILLIAM P HOBBY AIRPORT, TX US",1991-03,1.85,65.4,73.9,56.8
USW00012918,"HOUSTON WILLIAM P HOBBY AIRPORT, TX US",1991-04,10.25,73.3,80.1,66.4
USW00012918,"HOUSTON WILLIAM P HOBBY AIRPORT, TX US",1991-05,8.57,78.4,85.6,71.3
USW00012918,"HOUSTON WILLIAM P HOBBY AIRPORT, TX US",1991-06,10.85,82.1,89.6,74.5
USW00012918,"HOUSTON WILLIAM P HOBBY AIRPORT, TX US",1991-07,2.13,84.4,92.4,76.4
USW00012918,"HOUSTON WILLIAM P HOBBY AIRPORT, TX US",1991-08,2.13,84.5,92.3,76.6
USW00012918,"HOUSTON WILLIAM P HOBBY AIRPORT, TX US",1991-09,8.54,79.1,86.9,71.2
USW00012918,"HOUSTON WILLIAM P HOBBY AIRPORT, TX US",1991-10,2.62,74,84.1,63.9
USW00012918,"HOUSTON WILLIAM P HOBBY AIRPORT, TX US",1991-11,4.04,59.3,68.1,50.6
USW00012918,"HOUSTON WILLIAM P HOBBY AIRPORT, TX US",1991-12,7.03,59.2,65.5,52.9
USW00012918,"HOUSTON WILLIAM P HOBBY AIRPORT, TX US",1992-01,7.31,54.1,61.4,46.8
USW00012918,"HOUSTON WILLIAM P HOBBY AIRPORT, TX US",1992-02,7.51,60.7,69,52.4
USW00012918,"HOUSTON WILLIAM P HOBBY AIRPORT, TX US",1992-03,4.15,65.4,74.2,56.7
USW00012918,"HOUSTON WILLIAM P HOBBY AIRPORT, TX US",1992-04,4.64,69.6,78.2,61
USW00012918,"HOUSTON WILLIAM P HOBBY AIRPORT, TX US",1992-05,7.86,74.3,82.1,66.4
USW00012918,"HOUSTON WILLIAM P HOBBY AIRPORT, TX US",1992-06,5.58,82.6,91.3,74
USW00012918,"HOUSTON WILLIAM P HOBBY AIRPORT, TX US",1992-07,4.51,83.8,91.5,76.1
USW00012918,"HOUSTON WILLIAM P HOBBY AIRPORT, TX US",1992-08,3.21,81.3,89.7,72.9
USW00012918,"HOUSTON WILLIAM P HOBBY AIRPORT, TX US",1992-09,4.59,80.2,88,72.4
USW00012918,"HOUSTON WILLIAM P HOBBY AIRPORT, TX US",1992-10,1.47,72.5,82.8,62.3
USW00012918,"HOUSTON WILLIAM P HOBBY AIRPORT, TX US",1992-11,9.74,58.1,66.5,49.6
USW00012918,"HOUSTON WILLIAM P HOBBY AIRPORT, TX US",1992-12,3.93,58,66,49.9
USW00012918,"HOUSTON WILLIAM P HOBBY AIRPORT, TX US",1993-01,6.67,54.8,62.9,46.7
USW00012918,"HOUSTON WILLIAM P HOBBY AIRPORT, TX US",1993-02,2.43,58,66.3,49.7
USW00012918,"HOUSTON WILLIAM P HOBBY AIRPORT, TX US",1993-03,5.77,62.5,71,54
USW00012918,"HOUSTON WILLIAM P HOBBY AIRPORT, TX US",1993-04,5.19,66.8,75.5,58.2
USW00012918,"HOUSTON WILLIAM P HOBBY AIRPORT, TX US",1993-05,4.78,74.4,82.3,66.5
USW00012918,"HOUSTON WILLIAM P HOBBY AIRPORT, TX US",1993-06,8.93,81.6,88.1,75
USW00012918,"HOUSTON WILLIAM P HOBBY AIRPORT, TX US",1993-07,3.59,84.4,92.4,76.4
USW00012918,"HOUSTON WILLIAM P HOBBY AIRPORT, TX US",1993-08,1.11,85.2,93.9,76.5
USW00012918,"HOUSTON WILLIAM P HOBBY AIRPORT, TX US",1993-09,1.55,81,90,71.9
USW00012918,"HOUSTON WILLIAM P HOBBY AIRPORT, TX US",1993-10,11.61,70.6,79.6,61.7
USW00012918,"HOUSTON WILLIAM P HOBBY AIRPORT, TX US",1993-11,7.13,58.3,67.2,49.4
USW00012918,"HOUSTON WILLIAM P HOBBY AIRPORT, TX US",1993-12,2.32,56.1,64.3,47.9
USW00012918,"HOUSTON WILLIAM P HOBBY AIRPORT, TX US",1994-01,2.62,53.9,62.2,45.6
USW00012918,"HOUSTON WILLIAM P HOBBY AIRPORT, TX US",1994-02,1.09,56.4,65,47.8
USW00012918,"HOUSTON WILLIAM P HOBBY AIRPORT, TX US",1994-03,1.82,63.6,73.1,54.2
USW00012918,"HOUSTON WILLIAM P HOBBY AIRPORT, TX US",1994-04,4.13,69.6,78,61.3
USW00012918,"HOUSTON WILLIAM P HOBBY AIRPORT, TX US",1994-05,7.67,75.6,83.9,67.3
USW00012918,"HOUSTON WILLIAM P HOBBY AIRPORT, TX US",1994-06,6.85,81.7,89.2,74.2
USW00012918,"HOUSTON WILLIAM P HOBBY AIRPORT, TX US",1994-07,0.37,84.1,93.1,75.1
USW00012918,"HOUSTON WILLIAM P HOBBY AIRPORT, TX US",1994-08,3.82,82.3,90.5,74.2
USW00012918,"HOUSTON WILLIAM P HOBBY AIRPORT, TX US",1994-09,1.85,78.4,87.7,69
USW00012918,"HOUSTON WILLIAM P HOBBY AIRPORT, TX US",1994-10,19.39,72.1,80.6,63.6
USW00012918,"HOUSTON WILLIAM P HOBBY AIRPORT, TX US",1994-11,0.32,66.5,75,57.9
USW00012918,"HOUSTON WILLIAM P HOBBY AIRPORT, TX US",1994-12,8.73,58.1,65.8,50.3
USW00012918,"HOUSTON WILLIAM P HOBBY AIRPORT, TX US",1995-01,6.13,54.4,63.2,45.6
USW00012918,"HOUSTON WILLIAM P HOBBY AIRPORT, TX US",1995-02,2.74,58.9,68.8,49
USW00012918,"HOUSTON WILLIAM P HOBBY AIRPORT, TX US",1995-03,5.68,62.7,70.7,54.6
USW00012918,"HOUSTON WILLIAM P HOBBY AIRPORT, TX US",1995-04,3.2,68.1,77.8,58.4
USW00012918,"HOUSTON WILLIAM P HOBBY AIRPORT, TX US",1995-05,7.35,77.3,85.2,69.4
USW00012918,"HOUSTON WILLIAM P HOBBY AIRPORT, TX US",1995-06,3.83,80.1,88.9,71.4
USW00012918,"HOUSTON WILLIAM P HOBBY AIRPORT, TX US",1995-07,4.1,84,92.5,75.5
USW00012918,"HOUSTON WILLIAM P HOBBY AIRPORT, TX US",1995-08,2.15,84.5,92.6,76.3
USW00012918,"HOUSTON WILLIAM P HOBBY AIRPORT, TX US",1995-09,4.58,81.6,90.9,72.3
USW00012918,"HOUSTON WILLIAM P HOBBY AIRPORT, TX US",1995-10,2.67,71,80.7,61.2
USW00012918,"HOUSTON WILLIAM P HOBBY AIRPORT, TX US",1995-11,4.59,62.3,72.2,52.3
USW00012918,"HOUSTON WILLIAM P HOBBY AIRPORT, TX US",1995-12,6.5,57.2,65.5,48.9
USW00012918,"HOUSTON WILLIAM P HOBBY AIRPORT, TX US",1996-01,1.76,52.4,63.3,41.5
USW00012918,"HOUSTON WILLIAM P HOBBY AIRPORT, TX US",1996-02,1.18,58.8,68.7,48.8
USW00012918,"HOUSTON WILLIAM P HOBBY AIRPORT, TX US",1996-03,0.26,57.9,68.2,47.5
USW00012918,"HOUSTON WILLIAM P HOBBY AIRPORT, TX US",1996-04,1.62,68.7,79.4,58
USW00012918,"HOUSTON WILLIAM P HOBBY AIRPORT, TX US",1996-05,0.31,79.6,88,71.2
USW00012918,"HOUSTON WILLIAM P HOBBY AIRPORT, TX US",1996-06,9.31,81.6,90.4,72.9
USW00012918,"HOUSTON WILLIAM P HOBBY AIRPORT, TX US",1996-07,0.16,85,94,76.1
USW00012918,"HOUSTON WILLIAM P HOBBY AIRPORT, TX US",1996-08,8.64,82.4,90.3,74.5
USW00012918,"HOUSTON WILLIAM P HOBBY AIRPORT, TX US",1996-09,6.99,79.1,87.2,71.1
USW00012918,"HOUSTON WILLIAM P HOBBY AIRPORT, TX US",1996-10,2.25,72.2,80.7,63.7
USW00012918,"HOUSTON WILLIAM P HOBBY AIRPORT, TX US",1996-11,1.54,63.7,73.3,54.1
USW00012918,"HOUSTON WILLIAM P HOBBY AIRPORT, TX US",1996-12,2.81,58.9,68,49.7
USW00012918,"HOUSTON WILLIAM P HOBBY AIRPORT, TX US",1997-01,6.52,52.4,60,44.7
USW00012918,"HOUSTON WILLIAM P HOBBY AIRPORT, TX US",1997-02,6.76,57.1,64.5,49.6
USW00012918,"HOUSTON WILLIAM P HOBBY AIRPORT, TX US",1997-03,6.06,65.8,73.9,57.7
USW00012918,"HOUSTON WILLIAM P HOBBY AIRPORT, TX US",1997-04,9.02,65.1,73.4,56.8
USW00012918,"HOUSTON WILLIAM P HOBBY AIRPORT, TX US",1997-05,8.61,75,83,67
USW00012918,"HOUSTON WILLIAM P HOBBY AIRPORT, TX US",1997-06,6.29,81.3,89.6,73.1
USW00012918,"HOUSTON WILLIAM P HOBBY AIRPORT, TX US",1997-07,2.52,85.3,93.9,76.6
USW00012918,"HOUSTON WILLIAM P HOBBY AIRPORT, TX US",1997-08,1.97,84.6,93.3,76
USW00012918,"HOUSTON WILLIAM P HOBBY AIRPORT, TX US",1997-09,9.26,80.8,89.6,72
USW00012918,"HOUSTON WILLIAM P HOBBY AIRPORT, TX US",1997-10,10.38,71,79,63.1
USW00012918,"HOUSTON WILLIAM P HOBBY AIRPORT, TX US",1997-11,2.17,59.3,67.4,51
USW00012918,"HOUSTON WILLIAM P HOBBY AIRPORT, TX US",1997-12,7.25,53.9,63.8,44.1
USW00012918,"HOUSTON WILLIAM P HOBBY AIRPORT, TX US",1998-01,7.48,60.3,69.5,51.1
USW00012918,"HOUSTON WILLIAM P HOBBY AIRPORT, TX US",1998-02,4.63,57.6,66.3,49
USW00012918,"HOUSTON WILLIAM P HOBBY AIRPORT, TX US",1998-03,2.78,62.2,71.1,53.3
USW00012918,"HOUSTON WILLIAM P HOBBY AIRPORT, TX US",1998-04,0.76,69.3,79.1,59.4
USW00012918,"HOUSTON WILLIAM P HOBBY AIRPORT, TX US",1998-05,0.01,81.1,91.2,71
USW00012918,"HOUSTON WILLIAM P HOBBY AIRPORT, TX US",1998-06,2.49,86.2,95,77.4
USW00012918,"HOUSTON WILLIAM P HOBBY AIRPORT, TX US",1998-07,2.21,86.6,96.7,76.6
USW00012918,"HOUSTON WILLIAM P HOBBY AIRPORT, TX US",1998-08,4.31,85.4,94,76.8
USW00012918,"HOUSTON WILLIAM P HOBBY AIRPORT, TX US",1998-09,11.33,82.9,90.1,75.6
USW00012918,"HOUSTON WILLIAM P HOBBY AIRPORT, TX US",1998-10,9.28,74,82.1,65.9
USW00012918,"HOUSTON WILLIAM P HOBBY AIRPORT, TX US",1998-11,7.43,65.4,73,57.7
USW00012918,"HOUSTON WILLIAM P HOBBY AIRPORT, TX US",1998-12,3.91,56.1,64.5,47.6
USW00012918,"HOUSTON WILLIAM P HOBBY AIRPORT, TX US",1999-01,4.13,58.3,68.2,48.5
USW00012918,"HOUSTON WILLIAM P HOBBY AIRPORT, TX US",1999-02,1.11,63.6,72.9,54.2
USW00012918,"HOUSTON WILLIAM P HOBBY AIRPORT, TX US",1999-03,3.48,64.5,72.9,56
USW00012918,"HOUSTON WILLIAM P HOBBY AIRPORT, TX US",1999-04,0.77,73.1,82,64.3
USW00012918,"HOUSTON WILLIAM P HOBBY AIRPORT, TX US",1999-05,6.41,77.3,86,68.5
USW00012918,"HOUSTON WILLIAM P HOBBY AIRPORT, TX US",1999-06,6.76,81.3,88.1,74.6
USW00012918,"HOUSTON WILLIAM P HOBBY AIRPORT, TX US",1999-07,3.77,83.1,90.9,75.4
USW00012918,"HOUSTON WILLIAM P HOBBY AIRPORT, TX US",1999-08,0.68,86.4,96.1,76.7
USW00012918,"HOUSTON WILLIAM P HOBBY AIRPORT, TX US",1999-09,1.54,79.9,90.2,69.5
USW00012918,"HOUSTON WILLIAM P HOBBY AIRPORT, TX US",1999-10,0.66,71.1,82.1,60.2
USW00012918,"HOUSTON WILLIAM P HOBBY AIRPORT, TX US",1999-11,1.48,64.5,76.4,52.7
USW00012918,"HOUSTON WILLIAM P HOBBY AIRPORT, TX US",1999-12,3.9,56,67,45
USW00012918,"HOUSTON WILLIAM P HOBBY AIRPORT, TX US",2000-01,2.15,58.7,67.8,49.7
USW00012918,"HOUSTON WILLIAM P HOBBY AIRPORT, TX US",2000-02,1.44,63.1,72.2,54
USW00012918,"HOUSTON WILLIAM P HOBBY AIRPORT, TX US",2000-03,1.75,67.7,76.6,58.9
USW00012918,"HOUSTON WILLIAM P HOBBY AIRPORT, TX US",2000-04,4.6,70.2,79.6,60.7
USW00012918,"HOUSTON WILLIAM P HOBBY AIRPORT, TX US",2000-05,6.53,78.7,86.3,71.2
USW00012918,"HOUSTON WILLIAM P HOBBY AIRPORT, TX US",2000-06,2.4,82.3,90.2,74.3
USW00012918,"HOUSTON WILLIAM P HOBBY AIRPORT, TX US",2000-07,1.54,85.2,95.8,74.5
USW00012918,"HOUSTON WILLIAM P HOBBY AIRPORT, TX US",2000-08,2.1,85.3,95.4,75.1
USW00012918,"HOUSTON WILLIAM P HOBBY AIRPORT, TX US",2000-09,5.09,80.5,90.4,70.5
USW00012918,"HOUSTON WILLIAM P HOBBY AIRPORT, TX US",2000-10,5.71,72.3,80,64.6
USW00012918,"HOUSTON WILLIAM P HOBBY AIRPORT, TX US",2000-11,9.83,59.7,67.9,51.6
USW00012918,"HOUSTON WILLIAM P HOBBY AIRPORT, TX US",2000-12,2.67,49.4,57.6,41.2
USW00012918,"HOUSTON WILLIAM P HOBBY AIRPORT, TX US",2001-01,4.54,50.8,59.1,42.4
USW00012918,"HOUSTON WILLIAM P HOBBY AIRPORT, TX US",2001-02,0.49,60.6,68.6,52.7
USW00012918,"HOUSTON WILLIAM P HOBBY AIRPORT, TX US",2001-03,6.47,58.7,67.7,49.6
USW00012918,"HOUSTON WILLIAM P HOBBY AIRPORT, TX US",2001-04,0.46,72.7,80.5,64.9
USW00012918,"HOUSTON WILLIAM P HOBBY AIRPORT, TX US",2001-05,3.32,77.1,86.3,67.8
USW00012918,"HOUSTON WILLIAM P HOBBY AIRPORT, TX US",2001-06,23.2,81,89.1,73
USW00012918,"HOUSTON WILLIAM P HOBBY AIRPORT, TX US",2001-07,3.01,83.8,92,75.6
USW00012918,"HOUSTON WILLIAM P HOBBY AIRPORT, TX US",2001-08,12.03,83.5,91.6,75.3
USW00012918,"HOUSTON WILLIAM P HOBBY AIRPORT, TX US",2001-09,8.82,78.3,86.4,70.2
USW00012918,"HOUSTON WILLIAM P HOBBY AIRPORT, TX US",2001-10,6.17,69.4,79,59.7
USW00012918,"HOUSTON WILLIAM P HOBBY AIRPORT, TX US",2001-11,5.79,65.4,75,55.8
USW00012918,"HOUSTON WILLIAM P HOBBY AIRPORT, TX US",2001-12,7.38,57.9,66.5,49.4
USW00012918,"HOUSTON WILLIAM P HOBBY AIRPORT, TX US",2002-01,2.06,56.7,66.8,46.7
USW00012918,"HOUSTON WILLIAM P HOBBY AIRPORT, TX US",2002-02,1.26,53.7,63.8,43.6
USW00012918,"HOUSTON WILLIAM P HOBBY AIRPORT, TX US",2002-03,3.5,62.9,72.3,53.5
USW00012918,"HOUSTON WILLIAM P HOBBY AIRPORT, TX US",2002-04,5.39,73.3,80.9,65.6
USW00012918,"HOUSTON WILLIAM P HOBBY AIRPORT, TX US",2002-05,4.8,76.8,84.8,68.8
USW00012918,"HOUSTON WILLIAM P HOBBY AIRPORT, TX US",2002-06,3.67,81,88.7,73.4
USW00012918,"HOUSTON WILLIAM P HOBBY AIRPORT, TX US",2002-07,8.55,83.2,90.9,75.5
USW00012918,"HOUSTON WILLIAM P HOBBY AIRPORT, TX US",2002-08,8.39,83.3,91.3,75.3
USW00012918,"HOUSTON WILLIAM P HOBBY AIRPORT, TX US",2002-09,3.54,80.1,87.9,72.2
USW00012918,"HOUSTON WILLIAM P HOBBY AIRPORT, TX US",2002-10,9.99,72.3,79,65.6
USW00012918,"HOUSTON WILLIAM P HOBBY AIRPORT, TX US",2002-11,2.89,59.7,69.5,49.8
USW00012918,"HOUSTON WILLIAM P HOBBY AIRPORT, TX US",2002-12,4.84,55.7,64.8,46.7
USW00012918,"HOUSTON WILLIAM P HOBBY AIRPORT, TX US",2003-01,1.8,51,60,42.1
USW00012918,"HOUSTON WILLIAM P HOBBY AIRPORT, TX US",2003-02,2.8,54.9,62.6,47.2
USW00012918,"HOUSTON WILLIAM P HOBBY AIRPORT, TX US",2003-03,1.28,62,71.2,52.7
USW00012918,"HOUSTON WILLIAM P HOBBY AIRPORT, TX US",2003-04,1.65,70.5,79.2,61.8
USW00012918,"HOUSTON WILLIAM P HOBBY AIRPORT, TX US",2003-05,0,80.8,89.5,72.1
USW00012918,"HOUSTON WILLIAM P HOBBY AIRPORT, TX US",2003-06,7.08,82.2,90.6,73.8
USW00012918,"HOUSTON WILLIAM P HOBBY AIRPORT, TX US",2003-07,5.7,82.7,90.3,75.2
USW00012918,"HOUSTON WILLIAM P HOBBY AIRPORT, TX US",2003-08,5.61,84,92.5,75.6
USW00012918,"HOUSTON WILLIAM P HOBBY AIRPORT, TX US",2003-09,8.79,78,86,69.9
USW00012918,"HOUSTON WILLIAM P HOBBY AIRPORT, TX US",2003-10,4.46,72,81.5,62.5
USW00012918,"HOUSTON WILLIAM P HOBBY AIRPORT, TX US",2003-11,2.94,65.6,75.6,55.7
USW00012918,"HOUSTON WILLIAM P HOBBY AIRPORT, TX US",2003-12,3.06,54.7,65.4,44
USW00012918,"HOUSTON WILLIAM P HOBBY AIRPORT, TX US",2004-01,3.89,55.7,63.2,48.3
USW00012918,"HOUSTON WILLIAM P HOBBY AIRPORT, TX US",2004-02,5.85,54.2,61.9,46.5
USW00012918,"HOUSTON WILLIAM P HOBBY AIRPORT, TX US",2004-03,0.93,67.1,75.1,59.1
USW00012918,"HOUSTON WILLIAM P HOBBY AIRPORT, TX US",2004-04,3.46,69.5,78.2,60.7
USW00012918,"HOUSTON WILLIAM P HOBBY AIRPORT, TX US",2004-05,6.62,76.4,84.4,68.4
USW00012918,"HOUSTON WILLIAM P HOBBY AIRPORT, TX US",2004-06,9.68,81.3,88.2,74.4
USW00012918,"HOUSTON WILLIAM P HOBBY AIRPORT, TX US",2004-07,3.22,83.6,91.6,75.6
USW00012918,"HOUSTON WILLIAM P HOBBY AIRPORT, TX US",2004-08,4.6,83.1,91.8,74.4
USW00012918,"HOUSTON WILLIAM P HOBBY AIRPORT, TX US",2004-09,2.75,81.6,90,73.2
USW00012918,"HOUSTON WILLIAM P HOBBY AIRPORT, TX US",2004-10,2.76,77.5,85.6,69.4
USW00012918,"HOUSTON WILLIAM P HOBBY AIRPORT, TX US",2004-11,10.48,64.1,72.8,55.3
USW00012918,"HOUSTON WILLIAM P HOBBY AIRPORT, TX US",2004-12,1.93,56.6,66.6,46.7
USW00012918,"HOUSTON WILLIAM P HOBBY AIRPORT, TX US",2005-01,0.96,57.8,66.5,49
USW00012918,"HOUSTON WILLIAM P HOBBY AIRPORT, TX US",2005-02,4.22,59.6,66.4,52.9
USW00012918,"HOUSTON WILLIAM P HOBBY AIRPORT, TX US",2005-03,3.62,62.9,72.4,53.3
USW00012918,"HOUSTON WILLIAM P HOBBY AIRPORT, TX US",2005-04,0.88,68.8,78.6,59.1
USW00012918,"HOUSTON WILLIAM P HOBBY AIRPORT, TX US",2005-05,2.18,76.2,85.8,66.7
USW00012918,"HOUSTON WILLIAM P HOBBY AIRPORT, TX US",2005-06,0.37,83.6,92.6,74.6
USW00012918,"HOUSTON WILLIAM P HOBBY AIRPORT, TX US",2005-07,12.96,84.1,92.6,75.5
USW00012918,"HOUSTON WILLIAM P HOBBY AIRPORT, TX US",2005-08,2.54,85.3,93.7,76.9
USW00012918,"HOUSTON WILLIAM P HOBBY AIRPORT, TX US",2005-09,1.47,84.5,93.1,75.8
USW00012918,"HOUSTON WILLIAM P HOBBY AIRPORT, TX US",2005-10,1.35,72.6,82.9,62.4
USW00012918,"HOUSTON WILLIAM P HOBBY AIRPORT, TX US",2005-11,2.91,65.9,76.3,55.4
USW00012918,"HOUSTON WILLIAM P HOBBY AIRPORT, TX US",2005-12,2.28,55.1,65.2,45
USW00012918,"HOUSTON WILLIAM P HOBBY AIRPORT, TX US",2006-01,1.93,60.3,70.8,49.8
USW00012918,"HOUSTON WILLIAM P HOBBY AIRPORT, TX US",2006-02,1.62,57.1,67.2,46.9
USW00012918,"HOUSTON WILLIAM P HOBBY AIRPORT, TX US",2006-03,1.48,66.2,75,57.5
USW00012918,"HOUSTON WILLIAM P HOBBY AIRPORT, TX US",2006-04,2.23,73.6,82.6,64.5
USW00012918,"HOUSTON WILLIAM P HOBBY AIRPORT, TX US",2006-05,6.02,76.9,86.1,67.7
USW00012918,"HOUSTON WILLIAM P HOBBY AIRPORT, TX US",2006-06,11.04,81.5,90.3,72.6
USW00012918,"HOUSTON WILLIAM P HOBBY AIRPORT, TX US",2006-07,7.76,82.4,89.5,75.3
USW00012918,"HOUSTON WILLIAM P HOBBY AIRPORT, TX US",2006-08,2.92,84.5,92.4,76.6
USW00012918,"HOUSTON WILLIAM P HOBBY AIRPORT, TX US",2006-09,3.08,79.6,88.7,70.6
USW00012918,"HOUSTON WILLIAM P HOBBY AIRPORT, TX US",2006-10,19.26,73.8,83,64.8
USW00012918,"HOUSTON WILLIAM P HOBBY AIRPORT, TX US",2006-11,0.87,63.8,74.3,53.3
USW00012918,"HOUSTON WILLIAM P HOBBY AIRPORT, TX US",2006-12,3.95,56.8,65.5,48
USW00012918,"HOUSTON WILLIAM P HOBBY AIRPORT, TX US",2007-01,6.74,52.1,59.1,45.1
USW00012918,"HOUSTON WILLIAM P HOBBY AIRPORT, TX US",2007-02,1.35,56.3,65.9,46.7
USW00012918,"HOUSTON WILLIAM P HOBBY AIRPORT, TX US",2007-03,8.78,66.8,75.4,58.3
USW00012918,"HOUSTON WILLIAM P HOBBY AIRPORT, TX US",2007-04,4.76,67.7,76.4,59
USW00012918,"HOUSTON WILLIAM P HOBBY AIRPORT, TX US",2007-05,9.62,76.9,84.7,69.1
USW00012918,"HOUSTON WILLIAM P HOBBY AIRPORT, TX US",2007-06,5.58,82.5,89.7,75.3
USW00012918,"HOUSTON WILLIAM P HOBBY AIRPORT, TX US",2007-07,9.94,82.1,88.7,75.5
USW00012918,"HOUSTON WILLIAM P HOBBY AIRPORT, TX US",2007-08,7.23,85.7,93.4,78
USW00012918,"HOUSTON WILLIAM P HOBBY AIRPORT, TX US",2007-09,6.28,82.3,90.1,74.5
USW00012918,"HOUSTON WILLIAM P HOBBY AIRPORT, TX US",2007-10,1.82,74.2,84.3,64.1
USW00012918,"HOUSTON WILLIAM P HOBBY AIRPORT, TX US",2007-11,4.33,64.9,74.2,55.6
USW00012918,"HOUSTON WILLIAM P HOBBY AIRPORT, TX US",2007-12,1.64,60.2,70.8,49.6
USW00012918,"HOUSTON WILLIAM P HOBBY AIRPORT, TX US",2008-01,6.55,54.2,62.8,45.5
USW00012918,"HOUSTON WILLIAM P HOBBY AIRPORT, TX US",2008-02,3.99,62,72.4,51.6
USW00012918,"HOUSTON WILLIAM P HOBBY AIRPORT, TX US",2008-03,2.95,64.9,74.6,55.2
USW00012918,"HOUSTON WILLIAM P HOBBY AIRPORT, TX US",2008-04,1.9,71.2,80.7,61.7
USW00012918,"HOUSTON WILLIAM P HOBBY AIRPORT, TX US",2008-05,0.99,79.5,87.6,71.4
USW00012918,"HOUSTON WILLIAM P HOBBY AIRPORT, TX US",2008-06,8.2,84.6,93.5,75.8
USW00012918,"HOUSTON WILLIAM P HOBBY AIRPORT, TX US",2008-07,4.03,84.6,92.9,76.4
USW00012918,"HOUSTON WILLIAM P HOBBY AIRPORT, TX US",2008-08,8.27,83.7,91.5,75.9
USW00012918,"HOUSTON WILLIAM P HOBBY AIRPORT, TX US",2008-09,10.95,79.1,87.7,70.6
USW00012918,"HOUSTON WILLIAM P HOBBY AIRPORT, TX US",2008-10,2.62,70.6,80.8,60.3
USW00012918,"HOUSTON WILLIAM P HOBBY AIRPORT, TX US",2008-11,4.98,63.7,73.9,53.5
USW00012918,"HOUSTON WILLIAM P HOBBY AIRPORT, TX US",2008-12,0.85,57,66.9,47.2
USW00012918,"HOUSTON WILLIAM P HOBBY AIRPORT, TX US",2009-01,0.37,55.3,66.9,43.6
USW00012918,"HOUSTON WILLIAM P HOBBY AIRPORT, TX US",2009-02,1.18,62.1,71.8,52.3
USW00012918,"HOUSTON WILLIAM P HOBBY AIRPORT, TX US",2009-03,2.51,63.5,72.9,54.1
USW00012918,"HOUSTON WILLIAM P HOBBY AIRPORT, TX US",2009-04,15.61,69.5,78.5,60.6
USW00012918,"HOUSTON WILLIAM P HOBBY AIRPORT, TX US",2009-05,0.65,78.7,86.9,70.6
USW00012918,"HOUSTON WILLIAM P HOBBY AIRPORT, TX US",2009-06,1.39,84.8,94.8,74.8
USW00012918,"HOUSTON WILLIAM P HOBBY AIRPORT, TX US",2009-07,3.62,86.8,96.1,77.4
USW00012918,"HOUSTON WILLIAM P HOBBY AIRPORT, TX US",2009-08,1.61,86.2,95.5,76.9
USW00012918,"HOUSTON WILLIAM P HOBBY AIRPORT, TX US",2009-09,5.28,80,87.3,72.6
USW00012918,"HOUSTON WILLIAM P HOBBY AIRPORT, TX US",2009-10,11.52,72.2,80.6,63.8
USW00012918,"HOUSTON WILLIAM P HOBBY AIRPORT, TX US",2009-11,1.88,63.1,72.8,53.3
USW00012918,"HOUSTON WILLIAM P HOBBY AIRPORT, TX US",2009-12,6.96,51.1,58.9,43.4
USW00012918,"HOUSTON WILLIAM P HOBBY AIRPORT, TX US",2010-01,2.3,50,59.1,40.9
USW00012918,"HOUSTON WILLIAM P HOBBY AIRPORT, TX US",2010-02,3.38,49.3,57.6,40.9
USW00012918,"HOUSTON WILLIAM P HOBBY AIRPORT, TX US",2010-03,2.03,59.7,69.3,50.1
USW00012918,"HOUSTON WILLIAM P HOBBY AIRPORT, TX US",2010-04,1.07,69.7,77.7,61.7
USW00012918,"HOUSTON WILLIAM P HOBBY AIRPORT, TX US",2010-05,1.71,79.5,88.4,70.6
USW00012918,"HOUSTON WILLIAM P HOBBY AIRPORT, TX US",2010-06,5.06,84.1,91.6,76.6
USW00012918,"HOUSTON WILLIAM P HOBBY AIRPORT, TX US",2010-07,12.77,84,90.9,77
USW00012918,"HOUSTON WILLIAM P HOBBY AIRPORT, TX US",2010-08,1.4,86.9,95.5,78.3
USW00012918,"HOUSTON WILLIAM P HOBBY AIRPORT, TX US",2010-09,6.63,81.3,89.1,73.5
USW00012918,"HOUSTON WILLIAM P HOBBY AIRPORT, TX US",2010-10,0.07,72.9,84.1,61.8
USW00012918,"HOUSTON WILLIAM P HOBBY AIRPORT, TX US",2010-11,4.75,62.1,71.7,52.4
USW00012918,"HOUSTON WILLIAM P HOBBY AIRPORT, TX US",2010-12,5.84,57,66.5,47.4
USW00012918,"HOUSTON WILLIAM P HOBBY AIRPORT, TX US",2011-01,4.1,53.5,62.4,44.7
USW00012918,"HOUSTON WILLIAM P HOBBY AIRPORT, TX US",2011-02,0.34,56.8,67.1,46.5
USW00012918,"HOUSTON WILLIAM P HOBBY AIRPORT, TX US",2011-03,0.78,67.8,77,58.6
USW00012918,"HOUSTON WILLIAM P HOBBY AIRPORT, TX US",2011-04,0,74.9,84.2,65.5
USW00012918,"HOUSTON WILLIAM P HOBBY AIRPORT, TX US",2011-05,0.18,78.4,87.7,69.1
USW00012918,"HOUSTON WILLIAM P HOBBY AIRPORT, TX US",2011-06,1.79,85.9,95.8,76
USW00012918,"HOUSTON WILLIAM P HOBBY AIRPORT, TX US",2011-07,3.27,86.5,95.5,77.5
USW00012918,"HOUSTON WILLIAM P HOBBY AIRPORT, TX US",2011-08,0.79,89.1,99.7,78.5
USW00012918,"HOUSTON WILLIAM P HOBBY AIRPORT, TX US",2011-09,1.66,82.8,93.9,71.8
USW00012918,"HOUSTON WILLIAM P HOBBY AIRPORT, TX US",2011-10,5.42,72.1,82.2,61.9
USW00012918,"HOUSTON WILLIAM P HOBBY AIRPORT, TX US",2011-11,2.85,64.3,74,54.7
USW00012918,"HOUSTON WILLIAM P HOBBY AIRPORT, TX US",2011-12,4.2,56.2,63.8,48.6
USW00012918,"HOUSTON WILLIAM P HOBBY AIRPORT, TX US",2012-01,5.38,59.7,69.2,50.1
USW00012918,"HOUSTON WILLIAM P HOBBY AIRPORT, TX US",2012-02,6.82,60.6,67.4,53.7
USW00012918,"HOUSTON WILLIAM P HOBBY AIRPORT, TX US",2012-03,4.98,69.5,77.8,61.2
USW00012918,"HOUSTON WILLIAM P HOBBY AIRPORT, TX US",2012-04,2.05,73.9,82.7,65
USW00012918,"HOUSTON WILLIAM P HOBBY AIRPORT, TX US",2012-05,7.44,78.7,87.1,70.2
USW00012918,"HOUSTON WILLIAM P HOBBY AIRPORT, TX US",2012-06,2.78,84.1,92.6,75.6
USW00012918,"HOUSTON WILLIAM P HOBBY AIRPORT, TX US",2012-07,8.16,83,89.9,76.1
USW00012918,"HOUSTON WILLIAM P HOBBY AIRPORT, TX US",2012-08,3.04,85.9,94,77.8
USW00012918,"HOUSTON WILLIAM P HOBBY AIRPORT, TX US",2012-09,3.98,79.3,88.2,70.5
USW00012918,"HOUSTON WILLIAM P HOBBY AIRPORT, TX US",2012-10,0.7,70.5,80.9,60.1
USW00012918,"HOUSTON WILLIAM P HOBBY AIRPORT, TX US",2012-11,0.8,64.9,76.4,53.4
USW00012918,"HOUSTON WILLIAM P HOBBY AIRPORT, TX US",2012-12,5.72,60.8,71,50.6
USW00012918,"HOUSTON WILLIAM P HOBBY AIRPORT, TX US",2013-01,3.14,56.4,65.4,47.5
USW00012918,"HOUSTON WILLIAM P HOBBY AIRPORT, TX US",2013-02,1.63,60.4,69.6,51.2
USW00012918,"HOUSTON WILLIAM P HOBBY AIRPORT, TX US",2013-03,1.18,62.5,72.9,52
USW00012918,"HOUSTON WILLIAM P HOBBY AIRPORT, TX US",2013-04,9.56,66.8,76,57.6
USW00012918,"HOUSTON WILLIAM P HOBBY AIRPORT, TX US",2013-05,2.96,75.4,83.6,67.2
USW00012918,"HOUSTON WILLIAM P HOBBY AIRPORT, TX US",2013-06,1.37,84.8,94.3,75.2
USW00012918,"HOUSTON WILLIAM P HOBBY AIRPORT, TX US",2013-07,1.58,84.8,93.9,75.8
USW00012918,"HOUSTON WILLIAM P HOBBY AIRPORT, TX US",2013-08,1.47,85.2,94.6,75.7
USW00012918,"HOUSTON WILLIAM P HOBBY AIRPORT, TX US",2013-09,5.95,83,90.8,75.1
USW00012918,"HOUSTON WILLIAM P HOBBY AIRPORT, TX US",2013-10,9.8,72.6,81.4,63.8
USW00012918,"HOUSTON WILLIAM P HOBBY AIRPORT, TX US",2013-11,3.58,59.5,68.3,50.7
USW00012918,"HOUSTON WILLIAM P HOBBY AIRPORT, TX US",2013-12,0.87,52.7,61.7,43.6
USW00012918,"HOUSTON WILLIAM P HOBBY AIRPORT, TX US",2014-01,0.54,51.1,62.5,39.8
USW00012918,"HOUSTON WILLIAM P HOBBY AIRPORT, TX US",2014-02,2.09,55.9,64.5,47.2
USW00012918,"HOUSTON WILLIAM P HOBBY AIRPORT, TX US",2014-03,2.54,59.9,69.1,50.7
USW00012918,"HOUSTON WILLIAM P HOBBY AIRPORT, TX US",2014-04,1.31,69.7,78.4,60.9
USW00012918,"HOUSTON WILLIAM P HOBBY AIRPORT, TX US",2014-05,10.37,74.2,83.2,65.2
USW00012918,"HOUSTON WILLIAM P HOBBY AIRPORT, TX US",2014-06,2.98,82.3,89.7,75
USW00012918,"HOUSTON WILLIAM P HOBBY AIRPORT, TX US",2014-07,1.26,83.9,92.2,75.6
USW00012918,"HOUSTON WILLIAM P HOBBY AIRPORT, TX US",2014-08,3.44,85,93.3,76.7
USW00012918,"HOUSTON WILLIAM P HOBBY AIRPORT, TX US",2014-09,5,81,88.3,73.8
USW00012918,"HOUSTON WILLIAM P HOBBY AIRPORT, TX US",2014-10,2.57,74.2,84.5,63.9
USW00012918,"HOUSTON WILLIAM P HOBBY AIRPORT, TX US",2014-11,4.44,58.9,67.8,49.9
USW00012918,"HOUSTON WILLIAM P HOBBY AIRPORT, TX US",2014-12,4.61,58.2,65.5,50.9
USW00012918,"HOUSTON WILLIAM P HOBBY AIRPORT, TX US",2015-01,5.14,50.6,59,42.2
USW00012918,"HOUSTON WILLIAM P HOBBY AIRPORT, TX US",2015-02,0.76,53.9,63.3,44.6
USW00012918,"HOUSTON WILLIAM P HOBBY AIRPORT, TX US",2015-03,6.38,63.4,71.7,55.1
USW00012918,"HOUSTON WILLIAM P HOBBY AIRPORT, TX US",2015-04,8.2,73,80.1,65.9
USW00012918,"HOUSTON WILLIAM P HOBBY AIRPORT, TX US",2015-05,14.4,77.8,85,70.5
USW00012918,"HOUSTON WILLIAM P HOBBY AIRPORT, TX US",2015-06,4.87,82.7,90.3,75
USW00012918,"HOUSTON WILLIAM P HOBBY AIRPORT, TX US",2015-07,2.57,86,94.9,77.1
USW00012918,"HOUSTON WILLIAM P HOBBY AIRPORT, TX US",2015-08,10.76,85.1,94.8,75.4
USW00012918,"HOUSTON WILLIAM P HOBBY AIRPORT, TX US",2015-09,4.46,80.4,88.1,72.7
USW00012918,"HOUSTON WILLIAM P HOBBY AIRPORT, TX US",2015-10,13.04,74.9,84.3,65.6
USW00012918,"HOUSTON WILLIAM P HOBBY AIRPORT, TX US",2015-11,3.07,65.6,74.2,57.1
USW00012918,"HOUSTON WILLIAM P HOBBY AIRPORT, TX US",2015-12,3.48,61.4,70.6,52.2
USW00012918,"HOUSTON WILLIAM P HOBBY AIRPORT, TX US",2016-01,2.52,54,63.8,44.1
USW00012918,"HOUSTON WILLIAM P HOBBY AIRPORT, TX US",2016-02,1.66,60.5,71.4,49.7
USW00012918,"HOUSTON WILLIAM P HOBBY AIRPORT, TX US",2016-03,4.15,67.9,76.5,59.2
USW00012918,"HOUSTON WILLIAM P HOBBY AIRPORT, TX US",2016-04,8.95,71.5,80.3,62.7
USW00012918,"HOUSTON WILLIAM P HOBBY AIRPORT, TX US",2016-05,7.6,77,85.2,68.8
USW00012918,"HOUSTON WILLIAM P HOBBY AIRPORT, TX US",2016-06,8.83,83,90.9,75.2
USW00012918,"HOUSTON WILLIAM P HOBBY AIRPORT, TX US",2016-07,5.41,86.8,95,78.6
USW00012918,"HOUSTON WILLIAM P HOBBY AIRPORT, TX US",2016-08,8.22,84.9,92.6,77.1
USW00012918,"HOUSTON WILLIAM P HOBBY AIRPORT, TX US",2016-09,2.31,83.4,91.3,75.4
USW00012918,"HOUSTON WILLIAM P HOBBY AIRPORT, TX US",2016-10,0.98,76.6,86.3,66.9
