"STATION","NAME","LATITUDE","LONGITUDE","ELEVATION","DATE","PRCP"
"USW00012918","HOUSTON WILLIAM P HOBBY AIRPORT, TX US","29.63806","-95.28194","13.4","1962-01","1.74"
"USW00012918","HOUSTON WILLIAM P HOBBY AIRPORT, TX US","29.63806","-95.28194","13.4","1962-02","0.72"
"USW00012918","HOUSTON WILLIAM P HOBBY AIRPORT, TX US","29.63806","-95.28194","13.4","1962-03","0.94"
"USW00012918","HOUSTON WILLIAM P HOBBY AIRPORT, TX US","29.63806","-95.28194","13.4","1962-04","4.81"
"USW00012918","HOUSTON WILLIAM P HOBBY AIRPORT, TX US","29.63806","-95.28194","13.4","1962-05","1.15"
"USW00012918","HOUSTON WILLIAM P HOBBY AIRPORT, TX US","29.63806","-95.28194","13.4","1962-06","7.40"
"USW00012918","HOUSTON WILLIAM P HOBBY AIRPORT, TX US","29.63806","-95.28194","13.4","1962-07","0.07"
"USW00012918","HOUSTON WILLIAM P HOBBY AIRPORT, TX US","29.63806","-95.28194","13.4","1962-08","2.77"
"USW00012918","HOUSTON WILLIAM P HOBBY AIRPORT, TX US","29.63806","-95.28194","13.4","1962-09","3.97"
"USW00012918","HOUSTON WILLIAM P HOBBY AIRPORT, TX US","29.63806","-95.28194","13.4","1962-10","3.13"
"USW00012918","HOUSTON WILLIAM P HOBBY AIRPORT, TX US","29.63806","-95.28194","13.4","1962-11","5.68"
"USW00012918","HOUSTON WILLIAM P HOBBY AIRPORT, TX US","29.63806","-95.28194","13.4","1962-12","4.78"
"USW00012918","HOUSTON WILLIAM P HOBBY AIRPORT, TX US","29.63806","-95.28194","13.4","1963-01","3.09"
"USW00012918","HOUSTON WILLIAM P HOBBY AIRPORT, TX US","29.63806","-95.28194","13.4","1963-02","2.59"
"USW00012918","HOUSTON WILLIAM P HOBBY AIRPORT, TX US","29.63806","-95.28194","13.4","1963-03","0.56"
"USW00012918","HOUSTON WILLIAM P HOBBY AIRPORT, TX US","29.63806","-95.28194","13.4","1963-04","0.92"
"USW00012918","HOUSTON WILLIAM P HOBBY AIRPORT, TX US","29.63806","-95.28194","13.4","1963-05","0.62"
"USW00012918","HOUSTON WILLIAM P HOBBY AIRPORT, TX US","29.63806","-95.28194","13.4","1963-06","7.79"
"USW00012918","HOUSTON WILLIAM P HOBBY AIRPORT, TX US","29.63806","-95.28194","13.4","1963-07","2.08"
"USW00012918","HOUSTON WILLIAM P HOBBY AIRPORT, TX US","29.63806","-95.28194","13.4","1963-08","1.85"
"USW00012918","HOUSTON WILLIAM P HOBBY AIRPORT, TX US","29.63806","-95.28194","13.4","1963-09","1.94"
"USW00012918","HOUSTON WILLIAM P HOBBY AIRPORT, TX US","29.63806","-95.28194","13.4","1963-10","0.30"
"USW00012918","HOUSTON WILLIAM P HOBBY AIRPORT, TX US","29.63806","-95.28194","13.4","1963-11","5.72"
"USW00012918","HOUSTON WILLIAM P HOBBY AIRPORT, TX US","29.63806","-95.28194","13.4","1963-12","4.83"
"USW00012918","HOUSTON WILLIAM P HOBBY AIRPORT, TX US","29.63806","-95.28194","13.4","1964-01","2.89"
"USW00012918","HOUSTON WILLIAM P HOBBY AIRPORT, TX US","29.63806","-95.28194","13.4","1964-02","4.97"
"USW00012918","HOUSTON WILLIAM P HOBBY AIRPORT, TX US","29.63806","-95.28194","13.4","1964-03","2.24"
"USW00012918","HOUSTON WILLIAM P HOBBY AIRPORT, TX US","29.63806","-95.28194","13.4","1964-04","1.63"
"USW00012918","HOUSTON WILLIAM P HOBBY AIRPORT, TX US","29.63806","-95.28194","13.4","1964-05","2.25"
"USW00012918","HOUSTON WILLIAM P HOBBY AIRPORT, TX US","29.63806","-95.28194","13.4","1964-06","1.89"
"USW00012918","HOUSTON WILLIAM P HOBBY AIRPORT, TX US","29.63806","-95.28194","13.4","1964-07","1.68"
"USW00012918","HOUSTON WILLIAM P HOBBY AIRPORT, TX US","29.63806","-95.28194","13.4","1964-08","2.61"
"USW00012918","HOUSTON WILLIAM P HOBBY AIRPORT, TX US","29.63806","-95.28194","13.4","1964-09","6.77"
"USW00012918","HOUSTON WILLIAM P HOBBY AIRPORT, TX US","29.63806","-95.28194","13.4","1964-10","2.35"
"USW00012918","HOUSTON WILLIAM P HOBBY AIRPORT, TX US","29.63806","-95.28194","13.4","1964-11","4.28"
"USW00012918","HOUSTON WILLIAM P HOBBY AIRPORT, TX US","29.63806","-95.28194","13.4","1964-12","5.58"
"USW00012918","HOUSTON WILLIAM P HOBBY AIRPORT, TX US","29.63806","-95.28194","13.4","1965-01","1.87"
"USW00012918","HOUSTON WILLIAM P HOBBY AIRPORT, TX US","29.63806","-95.28194","13.4","1965-02","3.28"
"USW00012918","HOUSTON WILLIAM P HOBBY AIRPORT, TX US","29.63806","-95.28194","13.4","1965-03","0.81"
"USW00012918","HOUSTON WILLIAM P HOBBY AIRPORT, TX US","29.63806","-95.28194","13.4","1965-04","0.95"
"USW00012918","HOUSTON WILLIAM P HOBBY AIRPORT, TX US","29.63806","-95.28194","13.4","1965-05","6.54"
"USW00012918","HOUSTON WILLIAM P HOBBY AIRPORT, TX US","29.63806","-95.28194","13.4","1965-06","3.06"
"USW00012918","HOUSTON WILLIAM P HOBBY AIRPORT, TX US","29.63806","-95.28194","13.4","1965-07","1.57"
"USW00012918","HOUSTON WILLIAM P HOBBY AIRPORT, TX US","29.63806","-95.28194","13.4","1965-08","2.30"
"USW00012918","HOUSTON WILLIAM P HOBBY AIRPORT, TX US","29.63806","-95.28194","13.4","1965-09","3.57"
"USW00012918","HOUSTON WILLIAM P HOBBY AIRPORT, TX US","29.63806","-95.28194","13.4","1965-10","3.09"
"USW00012918","HOUSTON WILLIAM P HOBBY AIRPORT, TX US","29.63806","-95.28194","13.4","1965-11","4.82"
"USW00012918","HOUSTON WILLIAM P HOBBY AIRPORT, TX US","29.63806","-95.28194","13.4","1965-12","6.15"
"USW00012918","HOUSTON WILLIAM P HOBBY AIRPORT, TX US","29.63806","-95.28194","13.4","1966-01","4.46"
"USW00012918","HOUSTON WILLIAM P HOBBY AIRPORT, TX US","29.63806","-95.28194","13.4","1966-02","7.75"
"USW00012918","HOUSTON WILLIAM P HOBBY AIRPORT, TX US","29.63806","-95.28194","13.4","1966-03","2.20"
"USW00012918","HOUSTON WILLIAM P HOBBY AIRPORT, TX US","29.63806","-95.28194","13.4","1966-04","7.98"
"USW00012918","HOUSTON WILLIAM P HOBBY AIRPORT, TX US","29.63806","-95.28194","13.4","1966-05","11.21"
"USW00012918","HOUSTON WILLIAM P HOBBY AIRPORT, TX US","29.63806","-95.28194","13.4","1966-06","4.42"
"USW00012918","HOUSTON WILLIAM P HOBBY AIRPORT, TX US","29.63806","-95.28194","13.4","1966-07","1.46"
"USW00012918","HOUSTON WILLIAM P HOBBY AIRPORT, TX US","29.63806","-95.28194","13.4","1966-08","7.11"
"USW00012918","HOUSTON WILLIAM P HOBBY AIRPORT, TX US","29.63806","-95.28194","13.4","1966-09","4.01"
"USW00012918","HOUSTON WILLIAM P HOBBY AIRPORT, TX US","29.63806","-95.28194","13.4","1966-10","5.45"
"USW00012918","HOUSTON WILLIAM P HOBBY AIRPORT, TX US","29.63806","-95.28194","13.4","1966-11","1.56"
"USW00012918","HOUSTON WILLIAM P HOBBY AIRPORT, TX US","29.63806","-95.28194","13.4","1966-12","1.54"
"USW00012918","HOUSTON WILLIAM P HOBBY AIRPORT, TX US","29.63806","-95.28194","13.4","1967-01","2.42"
"USW00012918","HOUSTON WILLIAM P HOBBY AIRPORT, TX US","29.63806","-95.28194","13.4","1967-02","2.17"
"USW00012918","HOUSTON WILLIAM P HOBBY AIRPORT, TX US","29.63806","-95.28194","13.4","1967-03","1.83"
"USW00012918","HOUSTON WILLIAM P HOBBY AIRPORT, TX US","29.63806","-95.28194","13.4","1967-04","4.43"
"USW00012918","HOUSTON WILLIAM P HOBBY AIRPORT, TX US","29.63806","-95.28194","13.4","1967-05","2.54"
"USW00012918","HOUSTON WILLIAM P HOBBY AIRPORT, TX US","29.63806","-95.28194","13.4","1967-06","0.17"
"USW00012918","HOUSTON WILLIAM P HOBBY AIRPORT, TX US","29.63806","-95.28194","13.4","1967-07","7.77"
"USW00012918","HOUSTON WILLIAM P HOBBY AIRPORT, TX US","29.63806","-95.28194","13.4","1967-08","1.60"
"USW00012918","HOUSTON WILLIAM P HOBBY AIRPORT, TX US","29.63806","-95.28194","13.4","1967-09","4.85"
"USW00012918","HOUSTON WILLIAM P HOBBY AIRPORT, TX US","29.63806","-95.28194","13.4","1967-10","3.18"
"USW00012918","HOUSTON WILLIAM P HOBBY AIRPORT, TX US","29.63806","-95.28194","13.4","1967-11","0.50"
"USW00012918","HOUSTON WILLIAM P HOBBY AIRPORT, TX US","29.63806","-95.28194","13.4","1967-12","5.02"
"USW00012918","HOUSTON WILLIAM P HOBBY AIRPORT, TX US","29.63806","-95.28194","13.4","1968-01","8.02"
"USW00012918","HOUSTON WILLIAM P HOBBY AIRPORT, TX US","29.63806","-95.28194","13.4","1968-02","1.99"
"USW00012918","HOUSTON WILLIAM P HOBBY AIRPORT, TX US","29.63806","-95.28194","13.4","1968-03","2.92"
"USW00012918","HOUSTON WILLIAM P HOBBY AIRPORT, TX US","29.63806","-95.28194","13.4","1968-04","3.02"
"USW00012918","HOUSTON WILLIAM P HOBBY AIRPORT, TX US","29.63806","-95.28194","13.4","1968-05","13.24"
"USW00012918","HOUSTON WILLIAM P HOBBY AIRPORT, TX US","29.63806","-95.28194","13.4","1968-06","11.18"
"USW00012918","HOUSTON WILLIAM P HOBBY AIRPORT, TX US","29.63806","-95.28194","13.4","1968-07","6.50"
"USW00012918","HOUSTON WILLIAM P HOBBY AIRPORT, TX US","29.63806","-95.28194","13.4","1968-08","2.91"
"USW00012918","HOUSTON WILLIAM P HOBBY AIRPORT, TX US","29.63806","-95.28194","13.4","1968-09","3.88"
"USW00012918","HOUSTON WILLIAM P HOBBY AIRPORT, TX US","29.63806","-95.28194","13.4","1968-10","3.91"
"USW00012918","HOUSTON WILLIAM P HOBBY AIRPORT, TX US","29.63806","-95.28194","13.4","1968-11","2.71"
"USW00012918","HOUSTON WILLIAM P HOBBY AIRPORT, TX US","29.63806","-95.28194","13.4","1968-12","1.20"
"USW00012918","HOUSTON WILLIAM P HOBBY AIRPORT, TX US","29.63806","-95.28194","13.4","1969-01","2.74"
"USW00012918","HOUSTON WILLIAM P HOBBY AIRPORT, TX US","29.63806","-95.28194","13.4","1969-02","5.31"
"USW00012918","HOUSTON WILLIAM P HOBBY AIRPORT, TX US","29.63806","-95.28194","13.4","1969-03","3.19"
"USW00012918","HOUSTON WILLIAM P HOBBY AIRPORT, TX US","29.63806","-95.28194","13.4","1969-04","3.34"
"USW00012918","HOUSTON WILLIAM P HOBBY AIRPORT, TX US","29.63806","-95.28194","13.4","1969-05","4.73"
"USW00012918","HOUSTON WILLIAM P HOBBY AIRPORT, TX US","29.63806","-95.28194","13.4","1969-06","1.89"
"USW00012918","HOUSTON WILLIAM P HOBBY AIRPORT, TX US","29.63806","-95.28194","13.4","1969-07","3.92"
"USW00012918","HOUSTON WILLIAM P HOBBY AIRPORT, TX US","29.63806","-95.28194","13.4","1969-08","2.37"
"USW00012918","HOUSTON WILLIAM P HOBBY AIRPORT, TX US","29.63806","-95.28194","13.4","1969-09","4.15"
"USW00012918","HOUSTON WILLIAM P HOBBY AIRPORT, TX US","29.63806","-95.28194","13.4","1969-10","4.41"
"USW00012918","HOUSTON WILLIAM P HOBBY AIRPORT, TX US","29.63806","-95.28194","13.4","1969-11","1.50"
"USW00012918","HOUSTON WILLIAM P HOBBY AIRPORT, TX US","29.63806","-95.28194","13.4","1969-12","4.75"
"USW00012918","HOUSTON WILLIAM P HOBBY AIRPORT, TX US","29.63806","-95.28194","13.4","1970-01","2.50"
"USW00012918","HOUSTON WILLIAM P HOBBY AIRPORT, TX US","29.63806","-95.28194","13.4","1970-02","3.02"
"USW00012918","HOUSTON WILLIAM P HOBBY AIRPORT, TX US","29.63806","-95.28194","13.4","1970-03","5.23"
"USW00012918","HOUSTON WILLIAM P HOBBY AIRPORT, TX US","29.63806","-95.28194","13.4","1970-04","2.80"
"USW00012918","HOUSTON WILLIAM P HOBBY AIRPORT, TX US","29.63806","-95.28194","13.4","1970-05","14.85"
"USW00012918","HOUSTON WILLIAM P HOBBY AIRPORT, TX US","29.63806","-95.28194","13.4","1970-06","1.54"
"USW00012918","HOUSTON WILLIAM P HOBBY AIRPORT, TX US","29.63806","-95.28194","13.4","1970-07","3.51"
"USW00012918","HOUSTON WILLIAM P HOBBY AIRPORT, TX US","29.63806","-95.28194","13.4","1970-08","2.39"
"USW00012918","HOUSTON WILLIAM P HOBBY AIRPORT, TX US","29.63806","-95.28194","13.4","1970-09","9.86"
"USW00012918","HOUSTON WILLIAM P HOBBY AIRPORT, TX US","29.63806","-95.28194","13.4","1970-10","8.37"
"USW00012918","HOUSTON WILLIAM P HOBBY AIRPORT, TX US","29.63806","-95.28194","13.4","1970-11","1.78"
"USW00012918","HOUSTON WILLIAM P HOBBY AIRPORT, TX US","29.63806","-95.28194","13.4","1970-12","0.49"
"USW00012918","HOUSTON WILLIAM P HOBBY AIRPORT, TX US","29.63806","-95.28194","13.4","1971-01","0.20"
"USW00012918","HOUSTON WILLIAM P HOBBY AIRPORT, TX US","29.63806","-95.28194","13.4","1971-02","1.54"
"USW00012918","HOUSTON WILLIAM P HOBBY AIRPORT, TX US","29.63806","-95.28194","13.4","1971-03","1.36"
"USW00012918","HOUSTON WILLIAM P HOBBY AIRPORT, TX US","29.63806","-95.28194","13.4","1971-04","1.80"
"USW00012918","HOUSTON WILLIAM P HOBBY AIRPORT, TX US","29.63806","-95.28194","13.4","1971-05","2.12"
"USW00012918","HOUSTON WILLIAM P HOBBY AIRPORT, TX US","29.63806","-95.28194","13.4","1971-06","1.83"
"USW00012918","HOUSTON WILLIAM P HOBBY AIRPORT, TX US","29.63806","-95.28194","13.4","1971-07","3.39"
"USW00012918","HOUSTON WILLIAM P HOBBY AIRPORT, TX US","29.63806","-95.28194","13.4","1971-08","7.21"
"USW00012918","HOUSTON WILLIAM P HOBBY AIRPORT, TX US","29.63806","-95.28194","13.4","1971-09","7.36"
"USW00012918","HOUSTON WILLIAM P HOBBY AIRPORT, TX US","29.63806","-95.28194","13.4","1971-10","2.10"
"USW00012918","HOUSTON WILLIAM P HOBBY AIRPORT, TX US","29.63806","-95.28194","13.4","1971-11","2.29"
"USW00012918","HOUSTON WILLIAM P HOBBY AIRPORT, TX US","29.63806","-95.28194","13.4","1971-12","5.72"
"USW00012918","HOUSTON WILLIAM P HOBBY AIRPORT, TX US","29.63806","-95.28194","13.4","1972-01","3.83"
"USW00012918","HOUSTON WILLIAM P HOBBY AIRPORT, TX US","29.63806","-95.28194","13.4","1972-02","2.02"
"USW00012918","HOUSTON WILLIAM P HOBBY AIRPORT, TX US","29.63806","-95.28194","13.4","1972-03","0.93"
"USW00012918","HOUSTON WILLIAM P HOBBY AIRPORT, TX US","29.63806","-95.28194","13.4","1972-04","6.98"
"USW00012918","HOUSTON WILLIAM P HOBBY AIRPORT, TX US","29.63806","-95.28194","13.4","1972-05","7.62"
"USW00012918","HOUSTON WILLIAM P HOBBY AIRPORT, TX US","29.63806","-95.28194","13.4","1972-06","5.92"
"USW00012918","HOUSTON WILLIAM P HOBBY AIRPORT, TX US","29.63806","-95.28194","13.4","1972-07","5.56"
"USW00012918","HOUSTON WILLIAM P HOBBY AIRPORT, TX US","29.63806","-95.28194","13.4","1972-08","2.08"
"USW00012918","HOUSTON WILLIAM P HOBBY AIRPORT, TX US","29.63806","-95.28194","13.4","1972-09","7.15"
"USW00012918","HOUSTON WILLIAM P HOBBY AIRPORT, TX US","29.63806","-95.28194","13.4","1972-10","1.69"
"USW00012918","HOUSTON WILLIAM P HOBBY AIRPORT, TX US","29.63806","-95.28194","13.4","1972-11","8.39"
"USW00012918","HOUSTON WILLIAM P HOBBY AIRPORT, TX US","29.63806","-95.28194","13.4","1972-12","1.22"
"USW00012918","HOUSTON WILLIAM P HOBBY AIRPORT, TX US","29.63806","-95.28194","13.4","1973-01","4.53"
"USW00012918","HOUSTON WILLIAM P HOBBY AIRPORT, TX US","29.63806","-95.28194","13.4","1973-02","3.50"
"USW00012918","HOUSTON WILLIAM P HOBBY AIRPORT, TX US","29.63806","-95.28194","13.4","1973-03","4.59"
"USW00012918","HOUSTON WILLIAM P HOBBY AIRPORT, TX US","29.63806","-95.28194","13.4","1973-04","10.49"
"USW00012918","HOUSTON WILLIAM P HOBBY AIRPORT, TX US","29.63806","-95.28194","13.4","1973-05","3.60"
"USW00012918","HOUSTON WILLIAM P HOBBY AIRPORT, TX US","29.63806","-95.28194","13.4","1973-06","14.71"
"USW00012918","HOUSTON WILLIAM P HOBBY AIRPORT, TX US","29.63806","-95.28194","13.4","1973-07","9.40"
"USW00012918","HOUSTON WILLIAM P HOBBY AIRPORT, TX US","29.63806","-95.28194","13.4","1973-08","4.13"
"USW00012918","HOUSTON WILLIAM P HOBBY AIRPORT, TX US","29.63806","-95.28194","13.4","1973-09","9.53"
"USW00012918","HOUSTON WILLIAM P HOBBY AIRPORT, TX US","29.63806","-95.28194","13.4","1973-10","12.47"
"USW00012918","HOUSTON WILLIAM P HOBBY AIRPORT, TX US","29.63806","-95.28194","13.4","1973-11","0.38"
"USW00012918","HOUSTON WILLIAM P HOBBY AIRPORT, TX US","29.63806","-95.28194","13.4","1973-12","3.26"
"USW00012918","HOUSTON WILLIAM P HOBBY AIRPORT, TX US","29.63806","-95.28194","13.4","1974-01","4.76"
"USW00012918","HOUSTON WILLIAM P HOBBY AIRPORT, TX US","29.63806","-95.28194","13.4","1974-02","1.43"
"USW00012918","HOUSTON WILLIAM P HOBBY AIRPORT, TX US","29.63806","-95.28194","13.4","1974-03","4.54"
"USW00012918","HOUSTON WILLIAM P HOBBY AIRPORT, TX US","29.63806","-95.28194","13.4","1974-04","2.61"
"USW00012918","HOUSTON WILLIAM P HOBBY AIRPORT, TX US","29.63806","-95.28194","13.4","1974-05","7.93"
"USW00012918","HOUSTON WILLIAM P HOBBY AIRPORT, TX US","29.63806","-95.28194","13.4","1974-06","2.06"
"USW00012918","HOUSTON WILLIAM P HOBBY AIRPORT, TX US","29.63806","-95.28194","13.4","1974-07","4.99"
"USW00012918","HOUSTON WILLIAM P HOBBY AIRPORT, TX US","29.63806","-95.28194","13.4","1974-08","8.83"
"USW00012918","HOUSTON WILLIAM P HOBBY AIRPORT, TX US","29.63806","-95.28194","13.4","1974-09","4.48"
"USW00012918","HOUSTON WILLIAM P HOBBY AIRPORT, TX US","29.63806","-95.28194","13.4","1974-10","6.00"
"USW00012918","HOUSTON WILLIAM P HOBBY AIRPORT, TX US","29.63806","-95.28194","13.4","1974-11","7.14"
"USW00012918","HOUSTON WILLIAM P HOBBY AIRPORT, TX US","29.63806","-95.28194","13.4","1974-12","3.19"
"USW00012918","HOUSTON WILLIAM P HOBBY AIRPORT, TX US","29.63806","-95.28194","13.4","1975-01","3.48"
"USW00012918","HOUSTON WILLIAM P HOBBY AIRPORT, TX US","29.63806","-95.28194","13.4","1975-02","1.02"
"USW00012918","HOUSTON WILLIAM P HOBBY AIRPORT, TX US","29.63806","-95.28194","13.4","1975-03","2.33"
"USW00012918","HOUSTON WILLIAM P HOBBY AIRPORT, TX US","29.63806","-95.28194","13.4","1975-04","4.66"
"USW00012918","HOUSTON WILLIAM P HOBBY AIRPORT, TX US","29.63806","-95.28194","13.4","1975-05","7.14"
"USW00012918","HOUSTON WILLIAM P HOBBY AIRPORT, TX US","29.63806","-95.28194","13.4","1975-06","10.06"
"USW00012918","HOUSTON WILLIAM P HOBBY AIRPORT, TX US","29.63806","-95.28194","13.4","1975-07","2.79"
"USW00012918","HOUSTON WILLIAM P HOBBY AIRPORT, TX US","29.63806","-95.28194","13.4","1975-08","7.52"
"USW00012918","HOUSTON WILLIAM P HOBBY AIRPORT, TX US","29.63806","-95.28194","13.4","1975-09","0.64"
"USW00012918","HOUSTON WILLIAM P HOBBY AIRPORT, TX US","29.63806","-95.28194","13.4","1975-10","6.21"
"USW00012918","HOUSTON WILLIAM P HOBBY AIRPORT, TX US","29.63806","-95.28194","13.4","1975-11","1.50"
"USW00012918","HOUSTON WILLIAM P HOBBY AIRPORT, TX US","29.63806","-95.28194","13.4","1975-12","1.73"
"USW00012918","HOUSTON WILLIAM P HOBBY AIRPORT, TX US","29.63806","-95.28194","13.4","1976-01","2.09"
"USW00012918","HOUSTON WILLIAM P HOBBY AIRPORT, TX US","29.63806","-95.28194","13.4","1976-02","0.43"
"USW00012918","HOUSTON WILLIAM P HOBBY AIRPORT, TX US","29.63806","-95.28194","13.4","1976-03","3.41"
"USW00012918","HOUSTON WILLIAM P HOBBY AIRPORT, TX US","29.63806","-95.28194","13.4","1976-04","3.52"
"USW00012918","HOUSTON WILLIAM P HOBBY AIRPORT, TX US","29.63806","-95.28194","13.4","1976-05","3.85"
"USW00012918","HOUSTON WILLIAM P HOBBY AIRPORT, TX US","29.63806","-95.28194","13.4","1976-06","15.50"
"USW00012918","HOUSTON WILLIAM P HOBBY AIRPORT, TX US","29.63806","-95.28194","13.4","1976-07","10.35"
"USW00012918","HOUSTON WILLIAM P HOBBY AIRPORT, TX US","29.63806","-95.28194","13.4","1976-08","3.78"
"USW00012918","HOUSTON WILLIAM P HOBBY AIRPORT, TX US","29.63806","-95.28194","13.4","1976-09","7.43"
"USW00012918","HOUSTON WILLIAM P HOBBY AIRPORT, TX US","29.63806","-95.28194","13.4","1976-10","4.81"
"USW00012918","HOUSTON WILLIAM P HOBBY AIRPORT, TX US","29.63806","-95.28194","13.4","1976-11","6.81"
"USW00012918","HOUSTON WILLIAM P HOBBY AIRPORT, TX US","29.63806","-95.28194","13.4","1976-12","7.68"
"USW00012918","HOUSTON WILLIAM P HOBBY AIRPORT, TX US","29.63806","-95.28194","13.4","1977-01","3.60"
"USW00012918","HOUSTON WILLIAM P HOBBY AIRPORT, TX US","29.63806","-95.28194","13.4","1977-02","2.75"
"USW00012918","HOUSTON WILLIAM P HOBBY AIRPORT, TX US","29.63806","-95.28194","13.4","1977-03","3.01"
"USW00012918","HOUSTON WILLIAM P HOBBY AIRPORT, TX US","29.63806","-95.28194","13.4","1977-04","4.97"
"USW00012918","HOUSTON WILLIAM P HOBBY AIRPORT, TX US","29.63806","-95.28194","13.4","1977-05","1.98"
"USW00012918","HOUSTON WILLIAM P HOBBY AIRPORT, TX US","29.63806","-95.28194","13.4","1977-06","3.99"
"USW00012918","HOUSTON WILLIAM P HOBBY AIRPORT, TX US","29.63806","-95.28194","13.4","1977-07","3.74"
"USW00012918","HOUSTON WILLIAM P HOBBY AIRPORT, TX US","29.63806","-95.28194","13.4","1977-08","3.33"
"USW00012918","HOUSTON WILLIAM P HOBBY AIRPORT, TX US","29.63806","-95.28194","13.4","1977-09","4.89"
"USW00012918","HOUSTON WILLIAM P HOBBY AIRPORT, TX US","29.63806","-95.28194","13.4","1977-10","1.16"
"USW00012918","HOUSTON WILLIAM P HOBBY AIRPORT, TX US","29.63806","-95.28194","13.4","1977-11","6.75"
"USW00012918","HOUSTON WILLIAM P HOBBY AIRPORT, TX US","29.63806","-95.28194","13.4","1977-12","1.61"
"USW00012918","HOUSTON WILLIAM P HOBBY AIRPORT, TX US","29.63806","-95.28194","13.4","1978-01","8.12"
"USW00012918","HOUSTON WILLIAM P HOBBY AIRPORT, TX US","29.63806","-95.28194","13.4","1978-02","3.26"
"USW00012918","HOUSTON WILLIAM P HOBBY AIRPORT, TX US","29.63806","-95.28194","13.4","1978-03","0.87"
"USW00012918","HOUSTON WILLIAM P HOBBY AIRPORT, TX US","29.63806","-95.28194","13.4","1978-04","0.91"
"USW00012918","HOUSTON WILLIAM P HOBBY AIRPORT, TX US","29.63806","-95.28194","13.4","1978-05","2.88"
"USW00012918","HOUSTON WILLIAM P HOBBY AIRPORT, TX US","29.63806","-95.28194","13.4","1978-06","4.76"
"USW00012918","HOUSTON WILLIAM P HOBBY AIRPORT, TX US","29.63806","-95.28194","13.4","1978-07","2.82"
"USW00012918","HOUSTON WILLIAM P HOBBY AIRPORT, TX US","29.63806","-95.28194","13.4","1978-08","2.66"
"USW00012918","HOUSTON WILLIAM P HOBBY AIRPORT, TX US","29.63806","-95.28194","13.4","1978-09","8.09"
"USW00012918","HOUSTON WILLIAM P HOBBY AIRPORT, TX US","29.63806","-95.28194","13.4","1978-10","0.00"
"USW00012918","HOUSTON WILLIAM P HOBBY AIRPORT, TX US","29.63806","-95.28194","13.4","1978-11","7.88"
"USW00012918","HOUSTON WILLIAM P HOBBY AIRPORT, TX US","29.63806","-95.28194","13.4","1978-12","2.23"
"USW00012918","HOUSTON WILLIAM P HOBBY AIRPORT, TX US","29.63806","-95.28194","13.4","1979-01","5.54"
"USW00012918","HOUSTON WILLIAM P HOBBY AIRPORT, TX US","29.63806","-95.28194","13.4","1979-02","4.53"
"USW00012918","HOUSTON WILLIAM P HOBBY AIRPORT, TX US","29.63806","-95.28194","13.4","1979-03","7.93"
"USW00012918","HOUSTON WILLIAM P HOBBY AIRPORT, TX US","29.63806","-95.28194","13.4","1979-04","5.87"
"USW00012918","HOUSTON WILLIAM P HOBBY AIRPORT, TX US","29.63806","-95.28194","13.4","1979-05","4.99"
"USW00012918","HOUSTON WILLIAM P HOBBY AIRPORT, TX US","29.63806","-95.28194","13.4","1979-06","6.75"
"USW00012918","HOUSTON WILLIAM P HOBBY AIRPORT, TX US","29.63806","-95.28194","13.4","1979-07","17.26"
"USW00012918","HOUSTON WILLIAM P HOBBY AIRPORT, TX US","29.63806","-95.28194","13.4","1979-08","5.49"
"USW00012918","HOUSTON WILLIAM P HOBBY AIRPORT, TX US","29.63806","-95.28194","13.4","1979-09","15.00"
"USW00012918","HOUSTON WILLIAM P HOBBY AIRPORT, TX US","29.63806","-95.28194","13.4","1979-10","5.87"
"USW00012918","HOUSTON WILLIAM P HOBBY AIRPORT, TX US","29.63806","-95.28194","13.4","1979-11","1.41"
"USW00012918","HOUSTON WILLIAM P HOBBY AIRPORT, TX US","29.63806","-95.28194","13.4","1979-12","2.38"
"USW00012918","HOUSTON WILLIAM P HOBBY AIRPORT, TX US","29.63806","-95.28194","13.4","1980-01","7.39"
"USW00012918","HOUSTON WILLIAM P HOBBY AIRPORT, TX US","29.63806","-95.28194","13.4","1980-02","1.81"
"USW00012918","HOUSTON WILLIAM P HOBBY AIRPORT, TX US","29.63806","-95.28194","13.4","1980-03","4.48"
"USW00012918","HOUSTON WILLIAM P HOBBY AIRPORT, TX US","29.63806","-95.28194","13.4","1980-04","2.22"
"USW00012918","HOUSTON WILLIAM P HOBBY AIRPORT, TX US","29.63806","-95.28194","13.4","1980-05","4.69"
"USW00012918","HOUSTON WILLIAM P HOBBY AIRPORT, TX US","29.63806","-95.28194","13.4","1980-06","1.87"
"USW00012918","HOUSTON WILLIAM P HOBBY AIRPORT, TX US","29.63806","-95.28194","13.4","1980-07","2.28"
"USW00012918","HOUSTON WILLIAM P HOBBY AIRPORT, TX US","29.63806","-95.28194","13.4","1980-08","0.94"
"USW00012918","HOUSTON WILLIAM P HOBBY AIRPORT, TX US","29.63806","-95.28194","13.4","1980-09","7.52"
"USW00012918","HOUSTON WILLIAM P HOBBY AIRPORT, TX US","29.63806","-95.28194","13.4","1980-10","1.65"
"USW00012918","HOUSTON WILLIAM P HOBBY AIRPORT, TX US","29.63806","-95.28194","13.4","1980-11","3.03"
"USW00012918","HOUSTON WILLIAM P HOBBY AIRPORT, TX US","29.63806","-95.28194","13.4","1980-12","1.83"
"USW00012918","HOUSTON WILLIAM P HOBBY AIRPORT, TX US","29.63806","-95.28194","13.4","1981-01","3.56"
"USW00012918","HOUSTON WILLIAM P HOBBY AIRPORT, TX US","29.63806","-95.28194","13.4","1981-02","3.19"
"USW00012918","HOUSTON WILLIAM P HOBBY AIRPORT, TX US","29.63806","-95.28194","13.4","1981-03","1.57"
"USW00012918","HOUSTON WILLIAM P HOBBY AIRPORT, TX US","29.63806","-95.28194","13.4","1981-04","1.84"
"USW00012918","HOUSTON WILLIAM P HOBBY AIRPORT, TX US","29.63806","-95.28194","13.4","1981-05","11.13"
"USW00012918","HOUSTON WILLIAM P HOBBY AIRPORT, TX US","29.63806","-95.28194","13.4","1981-06","15.48"
"USW00012918","HOUSTON WILLIAM P HOBBY AIRPORT, TX US","29.63806","-95.28194","13.4","1981-07","9.14"
"USW00012918","HOUSTON WILLIAM P HOBBY AIRPORT, TX US","29.63806","-95.28194","13.4","1981-08","16.01"
"USW00012918","HOUSTON WILLIAM P HOBBY AIRPORT, TX US","29.63806","-95.28194","13.4","1981-09","2.26"
"USW00012918","HOUSTON WILLIAM P HOBBY AIRPORT, TX US","29.63806","-95.28194","13.4","1981-10","12.52"
"USW00012918","HOUSTON WILLIAM P HOBBY AIRPORT, TX US","29.63806","-95.28194","13.4","1981-11","2.73"
"USW00012918","HOUSTON WILLIAM P HOBBY AIRPORT, TX US","29.63806","-95.28194","13.4","1981-12","2.72"
"USW00012918","HOUSTON WILLIAM P HOBBY AIRPORT, TX US","29.63806","-95.28194","13.4","1982-01","2.23"
"USW00012918","HOUSTON WILLIAM P HOBBY AIRPORT, TX US","29.63806","-95.28194","13.4","1982-02","3.66"
"USW00012918","HOUSTON WILLIAM P HOBBY AIRPORT, TX US","29.63806","-95.28194","13.4","1982-03","2.38"
"USW00012918","HOUSTON WILLIAM P HOBBY AIRPORT, TX US","29.63806","-95.28194","13.4","1982-04","3.48"
"USW00012918","HOUSTON WILLIAM P HOBBY AIRPORT, TX US","29.63806","-95.28194","13.4","1982-05","6.53"
"USW00012918","HOUSTON WILLIAM P HOBBY AIRPORT, TX US","29.63806","-95.28194","13.4","1982-06","6.29"
"USW00012918","HOUSTON WILLIAM P HOBBY AIRPORT, TX US","29.63806","-95.28194","13.4","1982-07","1.51"
"USW00012918","HOUSTON WILLIAM P HOBBY AIRPORT, TX US","29.63806","-95.28194","13.4","1982-08","4.76"
"USW00012918","HOUSTON WILLIAM P HOBBY AIRPORT, TX US","29.63806","-95.28194","13.4","1982-09","1.89"
"USW00012918","HOUSTON WILLIAM P HOBBY AIRPORT, TX US","29.63806","-95.28194","13.4","1982-10","1.70"
"USW00012918","HOUSTON WILLIAM P HOBBY AIRPORT, TX US","29.63806","-95.28194","13.4","1982-11","7.16"
"USW00012918","HOUSTON WILLIAM P HOBBY AIRPORT, TX US","29.63806","-95.28194","13.4","1982-12","4.83"
"USW00012918","HOUSTON WILLIAM P HOBBY AIRPORT, TX US","29.63806","-95.28194","13.4","1983-01","2.59"
"USW00012918","HOUSTON WILLIAM P HOBBY AIRPORT, TX US","29.63806","-95.28194","13.4","1983-02","6.02"
"USW00012918","HOUSTON WILLIAM P HOBBY AIRPORT, TX US","29.63806","-95.28194","13.4","1983-03","3.89"
"USW00012918","HOUSTON WILLIAM P HOBBY AIRPORT, TX US","29.63806","-95.28194","13.4","1983-04","0.16"
"USW00012918","HOUSTON WILLIAM P HOBBY AIRPORT, TX US","29.63806","-95.28194","13.4","1983-05","5.50"
"USW00012918","HOUSTON WILLIAM P HOBBY AIRPORT, TX US","29.63806","-95.28194","13.4","1983-06","4.26"
"USW00012918","HOUSTON WILLIAM P HOBBY AIRPORT, TX US","29.63806","-95.28194","13.4","1983-07","7.37"
"USW00012918","HOUSTON WILLIAM P HOBBY AIRPORT, TX US","29.63806","-95.28194","13.4","1983-08","7.67"
"USW00012918","HOUSTON WILLIAM P HOBBY AIRPORT, TX US","29.63806","-95.28194","13.4","1983-09","8.73"
"USW00012918","HOUSTON WILLIAM P HOBBY AIRPORT, TX US","29.63806","-95.28194","13.4","1983-10","3.79"
"USW00012918","HOUSTON WILLIAM P HOBBY AIRPORT, TX US","29.63806","-95.28194","13.4","1983-11","2.98"
"USW00012918","HOUSTON WILLIAM P HOBBY AIRPORT, TX US","29.63806","-95.28194","13.4","1983-12","3.53"
"USW00012918","HOUSTON WILLIAM P HOBBY AIRPORT, TX US","29.63806","-95.28194","13.4","1984-01","4.03"
"USW00012918","HOUSTON WILLIAM P HOBBY AIRPORT, TX US","29.63806","-95.28194","13.4","1984-02","3.27"
"USW00012918","HOUSTON WILLIAM P HOBBY AIRPORT, TX US","29.63806","-95.28194","13.4","1984-03","1.93"
"USW00012918","HOUSTON WILLIAM P HOBBY AIRPORT, TX US","29.63806","-95.28194","13.4","1984-04","0.20"
"USW00012918","HOUSTON WILLIAM P HOBBY AIRPORT, TX US","29.63806","-95.28194","13.4","1984-05","3.17"
"USW00012918","HOUSTON WILLIAM P HOBBY AIRPORT, TX US","29.63806","-95.28194","13.4","1984-06","2.18"
"USW00012918","HOUSTON WILLIAM P HOBBY AIRPORT, TX US","29.63806","-95.28194","13.4","1984-07","4.82"
"USW00012918","HOUSTON WILLIAM P HOBBY AIRPORT, TX US","29.63806","-95.28194","13.4","1984-08","7.69"
"USW00012918","HOUSTON WILLIAM P HOBBY AIRPORT, TX US","29.63806","-95.28194","13.4","1984-09","5.34"
"USW00012918","HOUSTON WILLIAM P HOBBY AIRPORT, TX US","29.63806","-95.28194","13.4","1984-10","10.84"
"USW00012918","HOUSTON WILLIAM P HOBBY AIRPORT, TX US","29.63806","-95.28194","13.4","1984-11","2.73"
"USW00012918","HOUSTON WILLIAM P HOBBY AIRPORT, TX US","29.63806","-95.28194","13.4","1984-12","3.52"
"USW00012918","HOUSTON WILLIAM P HOBBY AIRPORT, TX US","29.63806","-95.28194","13.4","1985-01","2.17"
"USW00012918","HOUSTON WILLIAM P HOBBY AIRPORT, TX US","29.63806","-95.28194","13.4","1985-02","6.94"
"USW00012918","HOUSTON WILLIAM P HOBBY AIRPORT, TX US","29.63806","-95.28194","13.4","1985-03","5.48"
"USW00012918","HOUSTON WILLIAM P HOBBY AIRPORT, TX US","29.63806","-95.28194","13.4","1985-04","0.87"
"USW00012918","HOUSTON WILLIAM P HOBBY AIRPORT, TX US","29.63806","-95.28194","13.4","1985-05","1.52"
"USW00012918","HOUSTON WILLIAM P HOBBY AIRPORT, TX US","29.63806","-95.28194","13.4","1985-06","4.86"
"USW00012918","HOUSTON WILLIAM P HOBBY AIRPORT, TX US","29.63806","-95.28194","13.4","1985-07","3.47"
"USW00012918","HOUSTON WILLIAM P HOBBY AIRPORT, TX US","29.63806","-95.28194","13.4","1985-08","2.37"
"USW00012918","HOUSTON WILLIAM P HOBBY AIRPORT, TX US","29.63806","-95.28194","13.4","1985-09","5.04"
"USW00012918","HOUSTON WILLIAM P HOBBY AIRPORT, TX US","29.63806","-95.28194","13.4","1985-10","4.90"
"USW00012918","HOUSTON WILLIAM P HOBBY AIRPORT, TX US","29.63806","-95.28194","13.4","1985-11","7.27"
"USW00012918","HOUSTON WILLIAM P HOBBY AIRPORT, TX US","29.63806","-95.28194","13.4","1985-12","2.65"
"USW00012918","HOUSTON WILLIAM P HOBBY AIRPORT, TX US","29.63806","-95.28194","13.4","1986-01","1.11"
"USW00012918","HOUSTON WILLIAM P HOBBY AIRPORT, TX US","29.63806","-95.28194","13.4","1986-02","2.72"
"USW00012918","HOUSTON WILLIAM P HOBBY AIRPORT, TX US","29.63806","-95.28194","13.4","1986-03","1.50"
"USW00012918","HOUSTON WILLIAM P HOBBY AIRPORT, TX US","29.63806","-95.28194","13.4","1986-04","1.13"
"USW00012918","HOUSTON WILLIAM P HOBBY AIRPORT, TX US","29.63806","-95.28194","13.4","1986-05","3.85"
"USW00012918","HOUSTON WILLIAM P HOBBY AIRPORT, TX US","29.63806","-95.28194","13.4","1986-06","10.09"
"USW00012918","HOUSTON WILLIAM P HOBBY AIRPORT, TX US","29.63806","-95.28194","13.4","1986-07","0.23"
"USW00012918","HOUSTON WILLIAM P HOBBY AIRPORT, TX US","29.63806","-95.28194","13.4","1986-08","5.56"
"USW00012918","HOUSTON WILLIAM P HOBBY AIRPORT, TX US","29.63806","-95.28194","13.4","1986-09","5.53"
"USW00012918","HOUSTON WILLIAM P HOBBY AIRPORT, TX US","29.63806","-95.28194","13.4","1986-10","5.98"
"USW00012918","HOUSTON WILLIAM P HOBBY AIRPORT, TX US","29.63806","-95.28194","13.4","1986-11","9.48"
"USW00012918","HOUSTON WILLIAM P HOBBY AIRPORT, TX US","29.63806","-95.28194","13.4","1986-12","6.64"
"USW00012918","HOUSTON WILLIAM P HOBBY AIRPORT, TX US","29.63806","-95.28194","13.4","1987-01","2.83"
"USW00012918","HOUSTON WILLIAM P HOBBY AIRPORT, TX US","29.63806","-95.28194","13.4","1987-02","4.45"
"USW00012918","HOUSTON WILLIAM P HOBBY AIRPORT, TX US","29.63806","-95.28194","13.4","1987-03","0.41"
"USW00012918","HOUSTON WILLIAM P HOBBY AIRPORT, TX US","29.63806","-95.28194","13.4","1987-04","0.06"
"USW00012918","HOUSTON WILLIAM P HOBBY AIRPORT, TX US","29.63806","-95.28194","13.4","1987-05","6.18"
"USW00012918","HOUSTON WILLIAM P HOBBY AIRPORT, TX US","29.63806","-95.28194","13.4","1987-06","9.31"
"USW00012918","HOUSTON WILLIAM P HOBBY AIRPORT, TX US","29.63806","-95.28194","13.4","1987-07","8.66"
"USW00012918","HOUSTON WILLIAM P HOBBY AIRPORT, TX US","29.63806","-95.28194","13.4","1987-08","3.15"
"USW00012918","HOUSTON WILLIAM P HOBBY AIRPORT, TX US","29.63806","-95.28194","13.4","1987-09","1.89"
"USW00012918","HOUSTON WILLIAM P HOBBY AIRPORT, TX US","29.63806","-95.28194","13.4","1987-10","0.75"
"USW00012918","HOUSTON WILLIAM P HOBBY AIRPORT, TX US","29.63806","-95.28194","13.4","1987-11","3.17"
"USW00012918","HOUSTON WILLIAM P HOBBY AIRPORT, TX US","29.63806","-95.28194","13.4","1987-12","3.28"
"USW00012918","HOUSTON WILLIAM P HOBBY AIRPORT, TX US","29.63806","-95.28194","13.4","1988-01","1.14"
"USW00012918","HOUSTON WILLIAM P HOBBY AIRPORT, TX US","29.63806","-95.28194","13.4","1988-02","0.63"
"USW00012918","HOUSTON WILLIAM P HOBBY AIRPORT, TX US","29.63806","-95.28194","13.4","1988-03","5.02"
"USW00012918","HOUSTON WILLIAM P HOBBY AIRPORT, TX US","29.63806","-95.28194","13.4","1988-04","2.20"
"USW00012918","HOUSTON WILLIAM P HOBBY AIRPORT, TX US","29.63806","-95.28194","13.4","1988-05","0.49"
"USW00012918","HOUSTON WILLIAM P HOBBY AIRPORT, TX US","29.63806","-95.28194","13.4","1988-06","2.63"
"USW00012918","HOUSTON WILLIAM P HOBBY AIRPORT, TX US","29.63806","-95.28194","13.4","1988-07","3.81"
"USW00012918","HOUSTON WILLIAM P HOBBY AIRPORT, TX US","29.63806","-95.28194","13.4","1988-08","1.17"
"USW00012918","HOUSTON WILLIAM P HOBBY AIRPORT, TX US","29.63806","-95.28194","13.4","1988-09","4.32"
"USW00012918","HOUSTON WILLIAM P HOBBY AIRPORT, TX US","29.63806","-95.28194","13.4","1988-10","2.94"
"USW00012918","HOUSTON WILLIAM P HOBBY AIRPORT, TX US","29.63806","-95.28194","13.4","1988-11","1.12"
"USW00012918","HOUSTON WILLIAM P HOBBY AIRPORT, TX US","29.63806","-95.28194","13.4","1988-12","1.17"
"USW00012918","HOUSTON WILLIAM P HOBBY AIRPORT, TX US","29.63806","-95.28194","13.4","1989-01","6.36"
"USW00012918","HOUSTON WILLIAM P HOBBY AIRPORT, TX US","29.63806","-95.28194","13.4","1989-02","0.61"
"USW00012918","HOUSTON WILLIAM P HOBBY AIRPORT, TX US","29.63806","-95.28194","13.4","1989-03","2.07"
"USW00012918","HOUSTON WILLIAM P HOBBY AIRPORT, TX US","29.63806","-95.28194","13.4","1989-04","1.43"
"USW00012918","HOUSTON WILLIAM P HOBBY AIRPORT, TX US","29.63806","-95.28194","13.4","1989-05","6.21"
"USW00012918","HOUSTON WILLIAM P HOBBY AIRPORT, TX US","29.63806","-95.28194","13.4","1989-06","17.35"
"USW00012918","HOUSTON WILLIAM P HOBBY AIRPORT, TX US","29.63806","-95.28194","13.4","1989-07","2.28"
"USW00012918","HOUSTON WILLIAM P HOBBY AIRPORT, TX US","29.63806","-95.28194","13.4","1989-08","9.95"
"USW00012918","HOUSTON WILLIAM P HOBBY AIRPORT, TX US","29.63806","-95.28194","13.4","1989-09","0.56"
"USW00012918","HOUSTON WILLIAM P HOBBY AIRPORT, TX US","29.63806","-95.28194","13.4","1989-10","3.40"
"USW00012918","HOUSTON WILLIAM P HOBBY AIRPORT, TX US","29.63806","-95.28194","13.4","1989-11","2.53"
"USW00012918","HOUSTON WILLIAM P HOBBY AIRPORT, TX US","29.63806","-95.28194","13.4","1989-12","0.59"
"USW00012918","HOUSTON WILLIAM P HOBBY AIRPORT, TX US","29.63806","-95.28194","13.4","1990-02","3.95"
"USW00012918","HOUSTON WILLIAM P HOBBY AIRPORT, TX US","29.63806","-95.28194","13.4","1990-03","4.47"
"USW00012918","HOUSTON WILLIAM P HOBBY AIRPORT, TX US","29.63806","-95.28194","13.4","1990-04","4.37"
"USW00012918","HOUSTON WILLIAM P HOBBY AIRPORT, TX US","29.63806","-95.28194","13.4","1990-05","3.89"
"USW00012918","HOUSTON WILLIAM P HOBBY AIRPORT, TX US","29.63806","-95.28194","13.4","1990-06","1.97"
"USW00012918","HOUSTON WILLIAM P HOBBY AIRPORT, TX US","29.63806","-95.28194","13.4","1990-07","2.07"
"USW00012918","HOUSTON WILLIAM P HOBBY AIRPORT, TX US","29.63806","-95.28194","13.4","1990-08","1.69"
"USW00012918","HOUSTON WILLIAM P HOBBY AIRPORT, TX US","29.63806","-95.28194","13.4","1990-09","4.90"
"USW00012918","HOUSTON WILLIAM P HOBBY AIRPORT, TX US","29.63806","-95.28194","13.4","1990-10","2.83"
"USW00012918","HOUSTON WILLIAM P HOBBY AIRPORT, TX US","29.63806","-95.28194","13.4","1990-11","3.04"
"USW00012918","HOUSTON WILLIAM P HOBBY AIRPORT, TX US","29.63806","-95.28194","13.4","1990-12","2.74"
"USW00012918","HOUSTON WILLIAM P HOBBY AIRPORT, TX US","29.63806","-95.28194","13.4","1991-01","9.59"
"USW00012918","HOUSTON WILLIAM P HOBBY AIRPORT, TX US","29.63806","-95.28194","13.4","1991-02","5.76"
"USW00012918","HOUSTON WILLIAM P HOBBY AIRPORT, TX US","29.63806","-95.28194","13.4","1991-03","1.85"
"USW00012918","HOUSTON WILLIAM P HOBBY AIRPORT, TX US","29.63806","-95.28194","13.4","1991-04","10.25"
"USW00012918","HOUSTON WILLIAM P HOBBY AIRPORT, TX US","29.63806","-95.28194","13.4","1991-05","8.57"
"USW00012918","HOUSTON WILLIAM P HOBBY AIRPORT, TX US","29.63806","-95.28194","13.4","1991-06","10.85"
"USW00012918","HOUSTON WILLIAM P HOBBY AIRPORT, TX US","29.63806","-95.28194","13.4","1991-07","2.13"
"USW00012918","HOUSTON WILLIAM P HOBBY AIRPORT, TX US","29.63806","-95.28194","13.4","1991-08","2.13"
"USW00012918","HOUSTON WILLIAM P HOBBY AIRPORT, TX US","29.63806","-95.28194","13.4","1991-09","8.54"
"USW00012918","HOUSTON WILLIAM P HOBBY AIRPORT, TX US","29.63806","-95.28194","13.4","1991-10","2.62"
"USW00012918","HOUSTON WILLIAM P HOBBY AIRPORT, TX US","29.63806","-95.28194","13.4","1991-11","4.04"
"USW00012918","HOUSTON WILLIAM P HOBBY AIRPORT, TX US","29.63806","-95.28194","13.4","1991-12","7.03"
"USW00012918","HOUSTON WILLIAM P HOBBY AIRPORT, TX US","29.63806","-95.28194","13.4","1992-01","7.31"
"USW00012918","HOUSTON WILLIAM P HOBBY AIRPORT, TX US","29.63806","-95.28194","13.4","1992-02","7.51"
"USW00012918","HOUSTON WILLIAM P HOBBY AIRPORT, TX US","29.63806","-95.28194","13.4","1992-03","4.15"
"USW00012918","HOUSTON WILLIAM P HOBBY AIRPORT, TX US","29.63806","-95.28194","13.4","1992-04","4.64"
"USW00012918","HOUSTON WILLIAM P HOBBY AIRPORT, TX US","29.63806","-95.28194","13.4","1992-05","7.86"
"USW00012918","HOUSTON WILLIAM P HOBBY AIRPORT, TX US","29.63806","-95.28194","13.4","1992-06","5.58"
"USW00012918","HOUSTON WILLIAM P HOBBY AIRPORT, TX US","29.63806","-95.28194","13.4","1992-07","4.51"
"USW00012918","HOUSTON WILLIAM P HOBBY AIRPORT, TX US","29.63806","-95.28194","13.4","1992-08","3.21"
"USW00012918","HOUSTON WILLIAM P HOBBY AIRPORT, TX US","29.63806","-95.28194","13.4","1992-09","4.59"
"USW00012918","HOUSTON WILLIAM P HOBBY AIRPORT, TX US","29.63806","-95.28194","13.4","1992-10","1.47"
"USW00012918","HOUSTON WILLIAM P HOBBY AIRPORT, TX US","29.63806","-95.28194","13.4","1992-11","9.74"
"USW00012918","HOUSTON WILLIAM P HOBBY AIRPORT, TX US","29.63806","-95.28194","13.4","1992-12","3.93"
"USW00012918","HOUSTON WILLIAM P HOBBY AIRPORT, TX US","29.63806","-95.28194","13.4","1993-01","6.67"
"USW00012918","HOUSTON WILLIAM P HOBBY AIRPORT, TX US","29.63806","-95.28194","13.4","1993-02","2.43"
"USW00012918","HOUSTON WILLIAM P HOBBY AIRPORT, TX US","29.63806","-95.28194","13.4","1993-03","5.77"
"USW00012918","HOUSTON WILLIAM P HOBBY AIRPORT, TX US","29.63806","-95.28194","13.4","1993-04","5.19"
"USW00012918","HOUSTON WILLIAM P HOBBY AIRPORT, TX US","29.63806","-95.28194","13.4","1993-05","4.78"
"USW00012918","HOUSTON WILLIAM P HOBBY AIRPORT, TX US","29.63806","-95.28194","13.4","1993-06","8.93"
"USW00012918","HOUSTON WILLIAM P HOBBY AIRPORT, TX US","29.63806","-95.28194","13.4","1993-07","3.59"
"USW00012918","HOUSTON WILLIAM P HOBBY AIRPORT, TX US","29.63806","-95.28194","13.4","1993-08","1.11"
"USW00012918","HOUSTON WILLIAM P HOBBY AIRPORT, TX US","29.63806","-95.28194","13.4","1993-09","1.55"
"USW00012918","HOUSTON WILLIAM P HOBBY AIRPORT, TX US","29.63806","-95.28194","13.4","1993-10","11.61"
"USW00012918","HOUSTON WILLIAM P HOBBY AIRPORT, TX US","29.63806","-95.28194","13.4","1993-11","7.13"
"USW00012918","HOUSTON WILLIAM P HOBBY AIRPORT, TX US","29.63806","-95.28194","13.4","1993-12","2.32"
"USW00012918","HOUSTON WILLIAM P HOBBY AIRPORT, TX US","29.63806","-95.28194","13.4","1994-01","2.62"
"USW00012918","HOUSTON WILLIAM P HOBBY AIRPORT, TX US","29.63806","-95.28194","13.4","1994-02","1.09"
"USW00012918","HOUSTON WILLIAM P HOBBY AIRPORT, TX US","29.63806","-95.28194","13.4","1994-03","1.82"
"USW00012918","HOUSTON WILLIAM P HOBBY AIRPORT, TX US","29.63806","-95.28194","13.4","1994-04","4.13"
"USW00012918","HOUSTON WILLIAM P HOBBY AIRPORT, TX US","29.63806","-95.28194","13.4","1994-05","7.67"
"USW00012918","HOUSTON WILLIAM P HOBBY AIRPORT, TX US","29.63806","-95.28194","13.4","1994-06","6.85"
"USW00012918","HOUSTON WILLIAM P HOBBY AIRPORT, TX US","29.63806","-95.28194","13.4","1994-07","0.37"
"USW00012918","HOUSTON WILLIAM P HOBBY AIRPORT, TX US","29.63806","-95.28194","13.4","1994-08","3.82"
"USW00012918","HOUSTON WILLIAM P HOBBY AIRPORT, TX US","29.63806","-95.28194","13.4","1994-09","1.85"
"USW00012918","HOUSTON WILLIAM P HOBBY AIRPORT, TX US","29.63806","-95.28194","13.4","1994-10","19.39"
"USW00012918","HOUSTON WILLIAM P HOBBY AIRPORT, TX US","29.63806","-95.28194","13.4","1994-11","0.32"
"USW00012918","HOUSTON WILLIAM P HOBBY AIRPORT, TX US","29.63806","-95.28194","13.4","1994-12","8.73"
"USW00012918","HOUSTON WILLIAM P HOBBY AIRPORT, TX US","29.63806","-95.28194","13.4","1995-01","6.13"
"USW00012918","HOUSTON WILLIAM P HOBBY AIRPORT, TX US","29.63806","-95.28194","13.4","1995-02","2.74"
"USW00012918","HOUSTON WILLIAM P HOBBY AIRPORT, TX US","29.63806","-95.28194","13.4","1995-03","5.68"
"USW00012918","HOUSTON WILLIAM P HOBBY AIRPORT, TX US","29.63806","-95.28194","13.4","1995-04","3.20"
"USW00012918","HOUSTON WILLIAM P HOBBY AIRPORT, TX US","29.63806","-95.28194","13.4","1995-05","7.35"
"USW00012918","HOUSTON WILLIAM P HOBBY AIRPORT, TX US","29.63806","-95.28194","13.4","1995-06","3.83"
"USW00012918","HOUSTON WILLIAM P HOBBY AIRPORT, TX US","29.63806","-95.28194","13.4","1995-07","4.10"
"USW00012918","HOUSTON WILLIAM P HOBBY AIRPORT, TX US","29.63806","-95.28194","13.4","1995-08","2.15"
"USW00012918","HOUSTON WILLIAM P HOBBY AIRPORT, TX US","29.63806","-95.28194","13.4","1995-09","4.58"
"USW00012918","HOUSTON WILLIAM P HOBBY AIRPORT, TX US","29.63806","-95.28194","13.4","1995-10","2.67"
"USW00012918","HOUSTON WILLIAM P HOBBY AIRPORT, TX US","29.63806","-95.28194","13.4","1995-11","4.59"
"USW00012918","HOUSTON WILLIAM P HOBBY AIRPORT, TX US","29.63806","-95.28194","13.4","1995-12","6.50"
"USW00012918","HOUSTON WILLIAM P HOBBY AIRPORT, TX US","29.63806","-95.28194","13.4","1996-01","1.76"
"USW00012918","HOUSTON WILLIAM P HOBBY AIRPORT, TX US","29.63806","-95.28194","13.4","1996-02","1.18"
"USW00012918","HOUSTON WILLIAM P HOBBY AIRPORT, TX US","29.63806","-95.28194","13.4","1996-03","0.26"
"USW00012918","HOUSTON WILLIAM P HOBBY AIRPORT, TX US","29.63806","-95.28194","13.4","1996-04","1.62"
"USW00012918","HOUSTON WILLIAM P HOBBY AIRPORT, TX US","29.63806","-95.28194","13.4","1996-05","0.31"
"USW00012918","HOUSTON WILLIAM P HOBBY AIRPORT, TX US","29.63806","-95.28194","13.4","1996-06","9.31"
"USW00012918","HOUSTON WILLIAM P HOBBY AIRPORT, TX US","29.63806","-95.28194","13.4","1996-07","0.16"
"USW00012918","HOUSTON WILLIAM P HOBBY AIRPORT, TX US","29.63806","-95.28194","13.4","1996-08","8.64"
"USW00012918","HOUSTON WILLIAM P HOBBY AIRPORT, TX US","29.63806","-95.28194","13.4","1996-09","6.99"
"USW00012918","HOUSTON WILLIAM P HOBBY AIRPORT, TX US","29.63806","-95.28194","13.4","1996-10","2.25"
"USW00012918","HOUSTON WILLIAM P HOBBY AIRPORT, TX US","29.63806","-95.28194","13.4","1996-11","1.54"
"USW00012918","HOUSTON WILLIAM P HOBBY AIRPORT, TX US","29.63806","-95.28194","13.4","1996-12","2.81"
"USW00012918","HOUSTON WILLIAM P HOBBY AIRPORT, TX US","29.63806","-95.28194","13.4","1997-01","6.52"
"USW00012918","HOUSTON WILLIAM P HOBBY AIRPORT, TX US","29.63806","-95.28194","13.4","1997-02","6.76"
"USW00012918","HOUSTON WILLIAM P HOBBY AIRPORT, TX US","29.63806","-95.28194","13.4","1997-03","6.06"
"USW00012918","HOUSTON WILLIAM P HOBBY AIRPORT, TX US","29.63806","-95.28194","13.4","1997-04","9.02"
"USW00012918","HOUSTON WILLIAM P HOBBY AIRPORT, TX US","29.63806","-95.28194","13.4","1997-05","8.61"
"USW00012918","HOUSTON WILLIAM P HOBBY AIRPORT, TX US","29.63806","-95.28194","13.4","1997-06","6.29"
"USW00012918","HOUSTON WILLIAM P HOBBY AIRPORT, TX US","29.63806","-95.28194","13.4","1997-07","2.52"
"USW00012918","HOUSTON WILLIAM P HOBBY AIRPORT, TX US","29.63806","-95.28194","13.4","1997-08","1.97"
"USW00012918","HOUSTON WILLIAM P HOBBY AIRPORT, TX US","29.63806","-95.28194","13.4","1997-09","9.26"
"USW00012918","HOUSTON WILLIAM P HOBBY AIRPORT, TX US","29.63806","-95.28194","13.4","1997-10","10.38"
"USW00012918","HOUSTON WILLIAM P HOBBY AIRPORT, TX US","29.63806","-95.28194","13.4","1997-11","2.17"
"USW00012918","HOUSTON WILLIAM P HOBBY AIRPORT, TX US","29.63806","-95.28194","13.4","1997-12","7.25"
"USW00012918","HOUSTON WILLIAM P HOBBY AIRPORT, TX US","29.63806","-95.28194","13.4","1998-01","7.48"
"USW00012918","HOUSTON WILLIAM P HOBBY AIRPORT, TX US","29.63806","-95.28194","13.4","1998-02","4.63"
"USW00012918","HOUSTON WILLIAM P HOBBY AIRPORT, TX US","29.63806","-95.28194","13.4","1998-03","2.78"
"USW00012918","HOUSTON WILLIAM P HOBBY AIRPORT, TX US","29.63806","-95.28194","13.4","1998-04","0.76"
"USW00012918","HOUSTON WILLIAM P HOBBY AIRPORT, TX US","29.63806","-95.28194","13.4","1998-05","0.01"
"USW00012918","HOUSTON WILLIAM P HOBBY AIRPORT, TX US","29.63806","-95.28194","13.4","1998-06","2.49"
"USW00012918","HOUSTON WILLIAM P HOBBY AIRPORT, TX US","29.63806","-95.28194","13.4","1998-07","2.21"
"USW00012918","HOUSTON WILLIAM P HOBBY AIRPORT, TX US","29.63806","-95.28194","13.4","1998-08","4.31"
"USW00012918","HOUSTON WILLIAM P HOBBY AIRPORT, TX US","29.63806","-95.28194","13.4","1998-09","11.33"
"USW00012918","HOUSTON WILLIAM P HOBBY AIRPORT, TX US","29.63806","-95.28194","13.4","1998-10","9.28"
"USW00012918","HOUSTON WILLIAM P HOBBY AIRPORT, TX US","29.63806","-95.28194","13.4","1998-11","7.43"
"USW00012918","HOUSTON WILLIAM P HOBBY AIRPORT, TX US","29.63806","-95.28194","13.4","1998-12","3.91"
"USW00012918","HOUSTON WILLIAM P HOBBY AIRPORT, TX US","29.63806","-95.28194","13.4","1999-01","4.13"
"USW00012918","HOUSTON WILLIAM P HOBBY AIRPORT, TX US","29.63806","-95.28194","13.4","1999-02","1.11"
"USW00012918","HOUSTON WILLIAM P HOBBY AIRPORT, TX US","29.63806","-95.28194","13.4","1999-03","3.48"
"USW00012918","HOUSTON WILLIAM P HOBBY AIRPORT, TX US","29.63806","-95.28194","13.4","1999-04","0.77"
"USW00012918","HOUSTON WILLIAM P HOBBY AIRPORT, TX US","29.63806","-95.28194","13.4","1999-05","6.41"
"USW00012918","HOUSTON WILLIAM P HOBBY AIRPORT, TX US","29.63806","-95.28194","13.4","1999-06","6.76"
"USW00012918","HOUSTON WILLIAM P HOBBY AIRPORT, TX US","29.63806","-95.28194","13.4","1999-07","3.77"
"USW00012918","HOUSTON WILLIAM P HOBBY AIRPORT, TX US","29.63806","-95.28194","13.4","1999-08","0.68"
"USW00012918","HOUSTON WILLIAM P HOBBY AIRPORT, TX US","29.63806","-95.28194","13.4","1999-09","1.54"
"USW00012918","HOUSTON WILLIAM P HOBBY AIRPORT, TX US","29.63806","-95.28194","13.4","1999-10","0.66"
"USW00012918","HOUSTON WILLIAM P HOBBY AIRPORT, TX US","29.63806","-95.28194","13.4","1999-11","1.48"
"USW00012918","HOUSTON WILLIAM P HOBBY AIRPORT, TX US","29.63806","-95.28194","13.4","1999-12","3.90"
"USW00012918","HOUSTON WILLIAM P HOBBY AIRPORT, TX US","29.63806","-95.28194","13.4","2000-01","2.15"
"USW00012918","HOUSTON WILLIAM P HOBBY AIRPORT, TX US","29.63806","-95.28194","13.4","2000-02","1.44"
"USW00012918","HOUSTON WILLIAM P HOBBY AIRPORT, TX US","29.63806","-95.28194","13.4","2000-03","1.75"
"USW00012918","HOUSTON WILLIAM P HOBBY AIRPORT, TX US","29.63806","-95.28194","13.4","2000-04","4.60"
"USW00012918","HOUSTON WILLIAM P HOBBY AIRPORT, TX US","29.63806","-95.28194","13.4","2000-05","6.53"
"USW00012918","HOUSTON WILLIAM P HOBBY AIRPORT, TX US","29.63806","-95.28194","13.4","2000-06","2.40"
"USW00012918","HOUSTON WILLIAM P HOBBY AIRPORT, TX US","29.63806","-95.28194","13.4","2000-07","1.54"
"USW00012918","HOUSTON WILLIAM P HOBBY AIRPORT, TX US","29.63806","-95.28194","13.4","2000-08","2.10"
"USW00012918","HOUSTON WILLIAM P HOBBY AIRPORT, TX US","29.63806","-95.28194","13.4","2000-09","5.09"
"USW00012918","HOUSTON WILLIAM P HOBBY AIRPORT, TX US","29.63806","-95.28194","13.4","2000-10","5.71"
"USW00012918","HOUSTON WILLIAM P HOBBY AIRPORT, TX US","29.63806","-95.28194","13.4","2000-11","9.83"
"USW00012918","HOUSTON WILLIAM P HOBBY AIRPORT, TX US","29.63806","-95.28194","13.4","2000-12","2.67"
"USW00012918","HOUSTON WILLIAM P HOBBY AIRPORT, TX US","29.63806","-95.28194","13.4","2001-01","4.54"
"USW00012918","HOUSTON WILLIAM P HOBBY AIRPORT, TX US","29.63806","-95.28194","13.4","2001-02","0.49"
"USW00012918","HOUSTON WILLIAM P HOBBY AIRPORT, TX US","29.63806","-95.28194","13.4","2001-03","6.47"
"USW00012918","HOUSTON WILLIAM P HOBBY AIRPORT, TX US","29.63806","-95.28194","13.4","2001-04","0.46"
"USW00012918","HOUSTON WILLIAM P HOBBY AIRPORT, TX US","29.63806","-95.28194","13.4","2001-05","3.32"
"USW00012918","HOUSTON WILLIAM P HOBBY AIRPORT, TX US","29.63806","-95.28194","13.4","2001-06","23.20"
"USW00012918","HOUSTON WILLIAM P HOBBY AIRPORT, TX US","29.63806","-95.28194","13.4","2001-07","3.01"
"USW00012918","HOUSTON WILLIAM P HOBBY AIRPORT, TX US","29.63806","-95.28194","13.4","2001-08","12.03"
"USW00012918","HOUSTON WILLIAM P HOBBY AIRPORT, TX US","29.63806","-95.28194","13.4","2001-09","8.82"
"USW00012918","HOUSTON WILLIAM P HOBBY AIRPORT, TX US","29.63806","-95.28194","13.4","2001-10","6.17"
"USW00012918","HOUSTON WILLIAM P HOBBY AIRPORT, TX US","29.63806","-95.28194","13.4","2001-11","5.79"
"USW00012918","HOUSTON WILLIAM P HOBBY AIRPORT, TX US","29.63806","-95.28194","13.4","2001-12","7.38"
"USW00012918","HOUSTON WILLIAM P HOBBY AIRPORT, TX US","29.63806","-95.28194","13.4","2002-01","2.06"
"USW00012918","HOUSTON WILLIAM P HOBBY AIRPORT, TX US","29.63806","-95.28194","13.4","2002-02","1.26"
"USW00012918","HOUSTON WILLIAM P HOBBY AIRPORT, TX US","29.63806","-95.28194","13.4","2002-03","3.50"
"USW00012918","HOUSTON WILLIAM P HOBBY AIRPORT, TX US","29.63806","-95.28194","13.4","2002-04","5.39"
"USW00012918","HOUSTON WILLIAM P HOBBY AIRPORT, TX US","29.63806","-95.28194","13.4","2002-05","4.80"
"USW00012918","HOUSTON WILLIAM P HOBBY AIRPORT, TX US","29.63806","-95.28194","13.4","2002-06","3.67"
"USW00012918","HOUSTON WILLIAM P HOBBY AIRPORT, TX US","29.63806","-95.28194","13.4","2002-07","8.55"
"USW00012918","HOUSTON WILLIAM P HOBBY AIRPORT, TX US","29.63806","-95.28194","13.4","2002-08","8.39"
"USW00012918","HOUSTON WILLIAM P HOBBY AIRPORT, TX US","29.63806","-95.28194","13.4","2002-09","3.54"
"USW00012918","HOUSTON WILLIAM P HOBBY AIRPORT, TX US","29.63806","-95.28194","13.4","2002-10","9.99"
"USW00012918","HOUSTON WILLIAM P HOBBY AIRPORT, TX US","29.63806","-95.28194","13.4","2002-11","2.89"
"USW00012918","HOUSTON WILLIAM P HOBBY AIRPORT, TX US","29.63806","-95.28194","13.4","2002-12","4.84"
"USW00012918","HOUSTON WILLIAM P HOBBY AIRPORT, TX US","29.63806","-95.28194","13.4","2003-01","1.80"
"USW00012918","HOUSTON WILLIAM P HOBBY AIRPORT, TX US","29.63806","-95.28194","13.4","2003-02","2.80"
"USW00012918","HOUSTON WILLIAM P HOBBY AIRPORT, TX US","29.63806","-95.28194","13.4","2003-03","1.28"
"USW00012918","HOUSTON WILLIAM P HOBBY AIRPORT, TX US","29.63806","-95.28194","13.4","2003-04","1.65"
"USW00012918","HOUSTON WILLIAM P HOBBY AIRPORT, TX US","29.63806","-95.28194","13.4","2003-05","0.00"
"USW00012918","HOUSTON WILLIAM P HOBBY AIRPORT, TX US","29.63806","-95.28194","13.4","2003-06","7.08"
"USW00012918","HOUSTON WILLIAM P HOBBY AIRPORT, TX US","29.63806","-95.28194","13.4","2003-07","5.70"
"USW00012918","HOUSTON WILLIAM P HOBBY AIRPORT, TX US","29.63806","-95.28194","13.4","2003-08","5.61"
"USW00012918","HOUSTON WILLIAM P HOBBY AIRPORT, TX US","29.63806","-95.28194","13.4","2003-09","8.79"
"USW00012918","HOUSTON WILLIAM P HOBBY AIRPORT, TX US","29.63806","-95.28194","13.4","2003-10","4.46"
"USW00012918","HOUSTON WILLIAM P HOBBY AIRPORT, TX US","29.63806","-95.28194","13.4","2003-11","2.94"
"USW00012918","HOUSTON WILLIAM P HOBBY AIRPORT, TX US","29.63806","-95.28194","13.4","2003-12","3.06"
"USW00012918","HOUSTON WILLIAM P HOBBY AIRPORT, TX US","29.63806","-95.28194","13.4","2004-01","3.89"
"USW00012918","HOUSTON WILLIAM P HOBBY AIRPORT, TX US","29.63806","-95.28194","13.4","2004-02","5.85"
"USW00012918","HOUSTON WILLIAM P HOBBY AIRPORT, TX US","29.63806","-95.28194","13.4","2004-03","0.93"
"USW00012918","HOUSTON WILLIAM P HOBBY AIRPORT, TX US","29.63806","-95.28194","13.4","2004-04","3.46"
"USW00012918","HOUSTON WILLIAM P HOBBY AIRPORT, TX US","29.63806","-95.28194","13.4","2004-05","6.62"
"USW00012918","HOUSTON WILLIAM P HOBBY AIRPORT, TX US","29.63806","-95.28194","13.4","2004-06","9.68"
"USW00012918","HOUSTON WILLIAM P HOBBY AIRPORT, TX US","29.63806","-95.28194","13.4","2004-07","3.22"
"USW00012918","HOUSTON WILLIAM P HOBBY AIRPORT, TX US","29.63806","-95.28194","13.4","2004-08","4.60"
"USW00012918","HOUSTON WILLIAM P HOBBY AIRPORT, TX US","29.63806","-95.28194","13.4","2004-09","2.75"
"USW00012918","HOUSTON WILLIAM P HOBBY AIRPORT, TX US","29.63806","-95.28194","13.4","2004-10","2.76"
"USW00012918","HOUSTON WILLIAM P HOBBY AIRPORT, TX US","29.63806","-95.28194","13.4","2004-11","10.48"
"USW00012918","HOUSTON WILLIAM P HOBBY AIRPORT, TX US","29.63806","-95.28194","13.4","2004-12","1.93"
"USW00012918","HOUSTON WILLIAM P HOBBY AIRPORT, TX US","29.63806","-95.28194","13.4","2005-01","0.96"
"USW00012918","HOUSTON WILLIAM P HOBBY AIRPORT, TX US","29.63806","-95.28194","13.4","2005-02","4.22"
"USW00012918","HOUSTON WILLIAM P HOBBY AIRPORT, TX US","29.63806","-95.28194","13.4","2005-03","3.62"
"USW00012918","HOUSTON WILLIAM P HOBBY AIRPORT, TX US","29.63806","-95.28194","13.4","2005-04","0.88"
"USW00012918","HOUSTON WILLIAM P HOBBY AIRPORT, TX US","29.63806","-95.28194","13.4","2005-05","2.18"
"USW00012918","HOUSTON WILLIAM P HOBBY AIRPORT, TX US","29.63806","-95.28194","13.4","2005-06","0.37"
"USW00012918","HOUSTON WILLIAM P HOBBY AIRPORT, TX US","29.63806","-95.28194","13.4","2005-07","12.96"
"USW00012918","HOUSTON WILLIAM P HOBBY AIRPORT, TX US","29.63806","-95.28194","13.4","2005-08","2.54"
"USW00012918","HOUSTON WILLIAM P HOBBY AIRPORT, TX US","29.63806","-95.28194","13.4","2005-09","1.47"
"USW00012918","HOUSTON WILLIAM P HOBBY AIRPORT, TX US","29.63806","-95.28194","13.4","2005-10","1.35"
"USW00012918","HOUSTON WILLIAM P HOBBY AIRPORT, TX US","29.63806","-95.28194","13.4","2005-11","2.91"
"USW00012918","HOUSTON WILLIAM P HOBBY AIRPORT, TX US","29.63806","-95.28194","13.4","2005-12","2.28"
"USW00012918","HOUSTON WILLIAM P HOBBY AIRPORT, TX US","29.63806","-95.28194","13.4","2006-01","1.93"
"USW00012918","HOUSTON WILLIAM P HOBBY AIRPORT, TX US","29.63806","-95.28194","13.4","2006-02","1.62"
"USW00012918","HOUSTON WILLIAM P HOBBY AIRPORT, TX US","29.63806","-95.28194","13.4","2006-03","1.48"
"USW00012918","HOUSTON WILLIAM P HOBBY AIRPORT, TX US","29.63806","-95.28194","13.4","2006-04","2.23"
"USW00012918","HOUSTON WILLIAM P HOBBY AIRPORT, TX US","29.63806","-95.28194","13.4","2006-05","6.02"
"USW00012918","HOUSTON WILLIAM P HOBBY AIRPORT, TX US","29.63806","-95.28194","13.4","2006-06","11.04"
"USW00012918","HOUSTON WILLIAM P HOBBY AIRPORT, TX US","29.63806","-95.28194","13.4","2006-07","7.76"
"USW00012918","HOUSTON WILLIAM P HOBBY AIRPORT, TX US","29.63806","-95.28194","13.4","2006-08","2.92"
"USW00012918","HOUSTON WILLIAM P HOBBY AIRPORT, TX US","29.63806","-95.28194","13.4","2006-09","3.08"
"USW00012918","HOUSTON WILLIAM P HOBBY AIRPORT, TX US","29.63806","-95.28194","13.4","2006-10","19.26"
"USW00012918","HOUSTON WILLIAM P HOBBY AIRPORT, TX US","29.63806","-95.28194","13.4","2006-11","0.87"
"USW00012918","HOUSTON WILLIAM P HOBBY AIRPORT, TX US","29.63806","-95.28194","13.4","2006-12","3.95"
"USW00012918","HOUSTON WILLIAM P HOBBY AIRPORT, TX US","29.63806","-95.28194","13.4","2007-01","6.74"
"USW00012918","HOUSTON WILLIAM P HOBBY AIRPORT, TX US","29.63806","-95.28194","13.4","2007-02","1.35"
"USW00012918","HOUSTON WILLIAM P HOBBY AIRPORT, TX US","29.63806","-95.28194","13.4","2007-03","8.78"
"USW00012918","HOUSTON WILLIAM P HOBBY AIRPORT, TX US","29.63806","-95.28194","13.4","2007-04","4.76"
"USW00012918","HOUSTON WILLIAM P HOBBY AIRPORT, TX US","29.63806","-95.28194","13.4","2007-05","9.62"
"USW00012918","HOUSTON WILLIAM P HOBBY AIRPORT, TX US","29.63806","-95.28194","13.4","2007-06","5.58"
"USW00012918","HOUSTON WILLIAM P HOBBY AIRPORT, TX US","29.63806","-95.28194","13.4","2007-07","9.94"
"USW00012918","HOUSTON WILLIAM P HOBBY AIRPORT, TX US","29.63806","-95.28194","13.4","2007-08","7.23"
"USW00012918","HOUSTON WILLIAM P HOBBY AIRPORT, TX US","29.63806","-95.28194","13.4","2007-09","6.28"
"USW00012918","HOUSTON WILLIAM P HOBBY AIRPORT, TX US","29.63806","-95.28194","13.4","2007-10","1.82"
"USW00012918","HOUSTON WILLIAM P HOBBY AIRPORT, TX US","29.63806","-95.28194","13.4","2007-11","4.33"
"USW00012918","HOUSTON WILLIAM P HOBBY AIRPORT, TX US","29.63806","-95.28194","13.4","2007-12","1.64"
"USW00012918","HOUSTON WILLIAM P HOBBY AIRPORT, TX US","29.63806","-95.28194","13.4","2008-01","6.55"
"USW00012918","HOUSTON WILLIAM P HOBBY AIRPORT, TX US","29.63806","-95.28194","13.4","2008-02","3.99"
"USW00012918","HOUSTON WILLIAM P HOBBY AIRPORT, TX US","29.63806","-95.28194","13.4","2008-03","2.95"
"USW00012918","HOUSTON WILLIAM P HOBBY AIRPORT, TX US","29.63806","-95.28194","13.4","2008-04","1.90"
"USW00012918","HOUSTON WILLIAM P HOBBY AIRPORT, TX US","29.63806","-95.28194","13.4","2008-05","0.99"
"USW00012918","HOUSTON WILLIAM P HOBBY AIRPORT, TX US","29.63806","-95.28194","13.4","2008-06","8.20"
"USW00012918","HOUSTON WILLIAM P HOBBY AIRPORT, TX US","29.63806","-95.28194","13.4","2008-07","4.03"
"USW00012918","HOUSTON WILLIAM P HOBBY AIRPORT, TX US","29.63806","-95.28194","13.4","2008-08","8.27"
"USW00012918","HOUSTON WILLIAM P HOBBY AIRPORT, TX US","29.63806","-95.28194","13.4","2008-09","10.95"
"USW00012918","HOUSTON WILLIAM P HOBBY AIRPORT, TX US","29.63806","-95.28194","13.4","2008-10","2.62"
"USW00012918","HOUSTON WILLIAM P HOBBY AIRPORT, TX US","29.63806","-95.28194","13.4","2008-11","4.98"
"USW00012918","HOUSTON WILLIAM P HOBBY AIRPORT, TX US","29.63806","-95.28194","13.4","2008-12","0.85"
"USW00012918","HOUSTON WILLIAM P HOBBY AIRPORT, TX US","29.63806","-95.28194","13.4","2009-01","0.37"
"USW00012918","HOUSTON WILLIAM P HOBBY AIRPORT, TX US","29.63806","-95.28194","13.4","2009-02","1.18"
"USW00012918","HOUSTON WILLIAM P HOBBY AIRPORT, TX US","29.63806","-95.28194","13.4","2009-03","2.51"
"USW00012918","HOUSTON WILLIAM P HOBBY AIRPORT, TX US","29.63806","-95.28194","13.4","2009-04","15.61"
"USW00012918","HOUSTON WILLIAM P HOBBY AIRPORT, TX US","29.63806","-95.28194","13.4","2009-05","0.65"
"USW00012918","HOUSTON WILLIAM P HOBBY AIRPORT, TX US","29.63806","-95.28194","13.4","2009-06","1.39"
"USW00012918","HOUSTON WILLIAM P HOBBY AIRPORT, TX US","29.63806","-95.28194","13.4","2009-07","3.62"
"USW00012918","HOUSTON WILLIAM P HOBBY AIRPORT, TX US","29.63806","-95.28194","13.4","2009-08","1.61"
"USW00012918","HOUSTON WILLIAM P HOBBY AIRPORT, TX US","29.63806","-95.28194","13.4","2009-09","5.28"
"USW00012918","HOUSTON WILLIAM P HOBBY AIRPORT, TX US","29.63806","-95.28194","13.4","2009-10","11.52"
"USW00012918","HOUSTON WILLIAM P HOBBY AIRPORT, TX US","29.63806","-95.28194","13.4","2009-11","1.88"
"USW00012918","HOUSTON WILLIAM P HOBBY AIRPORT, TX US","29.63806","-95.28194","13.4","2009-12","6.96"
"USW00012918","HOUSTON WILLIAM P HOBBY AIRPORT, TX US","29.63806","-95.28194","13.4","2010-01","2.30"
"USW00012918","HOUSTON WILLIAM P HOBBY AIRPORT, TX US","29.63806","-95.28194","13.4","2010-02","3.38"
"USW00012918","HOUSTON WILLIAM P HOBBY AIRPORT, TX US","29.63806","-95.28194","13.4","2010-03","2.03"
"USW00012918","HOUSTON WILLIAM P HOBBY AIRPORT, TX US","29.63806","-95.28194","13.4","2010-04","1.07"
"USW00012918","HOUSTON WILLIAM P HOBBY AIRPORT, TX US","29.63806","-95.28194","13.4","2010-05","1.71"
"USW00012918","HOUSTON WILLIAM P HOBBY AIRPORT, TX US","29.63806","-95.28194","13.4","2010-06","5.06"
"USW00012918","HOUSTON WILLIAM P HOBBY AIRPORT, TX US","29.63806","-95.28194","13.4","2010-07","12.77"
"USW00012918","HOUSTON WILLIAM P HOBBY AIRPORT, TX US","29.63806","-95.28194","13.4","2010-08","1.40"
"USW00012918","HOUSTON WILLIAM P HOBBY AIRPORT, TX US","29.63806","-95.28194","13.4","2010-09","6.63"
"USW00012918","HOUSTON WILLIAM P HOBBY AIRPORT, TX US","29.63806","-95.28194","13.4","2010-10","0.07"
"USW00012918","HOUSTON WILLIAM P HOBBY AIRPORT, TX US","29.63806","-95.28194","13.4","2010-11","4.75"
"USW00012918","HOUSTON WILLIAM P HOBBY AIRPORT, TX US","29.63806","-95.28194","13.4","2010-12","5.84"
"USW00012918","HOUSTON WILLIAM P HOBBY AIRPORT, TX US","29.63806","-95.28194","13.4","2011-01","4.10"
"USW00012918","HOUSTON WILLIAM P HOBBY AIRPORT, TX US","29.63806","-95.28194","13.4","2011-02","0.34"
"USW00012918","HOUSTON WILLIAM P HOBBY AIRPORT, TX US","29.63806","-95.28194","13.4","2011-03","0.78"
"USW00012918","HOUSTON WILLIAM P HOBBY AIRPORT, TX US","29.63806","-95.28194","13.4","2011-04","0.00"
"USW00012918","HOUSTON WILLIAM P HOBBY AIRPORT, TX US","29.63806","-95.28194","13.4","2011-05","0.18"
"USW00012918","HOUSTON WILLIAM P HOBBY AIRPORT, TX US","29.63806","-95.28194","13.4","2011-06","1.79"
"USW00012918","HOUSTON WILLIAM P HOBBY AIRPORT, TX US","29.63806","-95.28194","13.4","2011-07","3.27"
"USW00012918","HOUSTON WILLIAM P HOBBY AIRPORT, TX US","29.63806","-95.28194","13.4","2011-08","0.79"
"USW00012918","HOUSTON WILLIAM P HOBBY AIRPORT, TX US","29.63806","-95.28194","13.4","2011-09","1.66"
"USW00012918","HOUSTON WILLIAM P HOBBY AIRPORT, TX US","29.63806","-95.28194","13.4","2011-10","5.42"
"USW00012918","HOUSTON WILLIAM P HOBBY AIRPORT, TX US","29.63806","-95.28194","13.4","2011-11","2.85"
"USW00012918","HOUSTON WILLIAM P HOBBY AIRPORT, TX US","29.63806","-95.28194","13.4","2011-12","4.20"
"USW00012918","HOUSTON WILLIAM P HOBBY AIRPORT, TX US","29.63806","-95.28194","13.4","2012-01","5.38"
"USW00012918","HOUSTON WILLIAM P HOBBY AIRPORT, TX US","29.63806","-95.28194","13.4","2012-02","6.82"
"USW00012918","HOUSTON WILLIAM P HOBBY AIRPORT, TX US","29.63806","-95.28194","13.4","2012-03","4.98"
"USW00012918","HOUSTON WILLIAM P HOBBY AIRPORT, TX US","29.63806","-95.28194","13.4","2012-04","2.05"
"USW00012918","HOUSTON WILLIAM P HOBBY AIRPORT, TX US","29.63806","-95.28194","13.4","2012-05","7.44"
"USW00012918","HOUSTON WILLIAM P HOBBY AIRPORT, TX US","29.63806","-95.28194","13.4","2012-06","2.78"
"USW00012918","HOUSTON WILLIAM P HOBBY AIRPORT, TX US","29.63806","-95.28194","13.4","2012-07","8.16"
"USW00012918","HOUSTON WILLIAM P HOBBY AIRPORT, TX US","29.63806","-95.28194","13.4","2012-08","3.04"
"USW00012918","HOUSTON WILLIAM P HOBBY AIRPORT, TX US","29.63806","-95.28194","13.4","2012-09","3.98"
"USW00012918","HOUSTON WILLIAM P HOBBY AIRPORT, TX US","29.63806","-95.28194","13.4","2012-10","0.70"
"USW00012918","HOUSTON WILLIAM P HOBBY AIRPORT, TX US","29.63806","-95.28194","13.4","2012-11","0.80"
"USW00012918","HOUSTON WILLIAM P HOBBY AIRPORT, TX US","29.63806","-95.28194","13.4","2012-12","5.72"
"USW00012918","HOUSTON WILLIAM P HOBBY AIRPORT, TX US","29.63806","-95.28194","13.4","2013-01","3.14"
"USW00012918","HOUSTON WILLIAM P HOBBY AIRPORT, TX US","29.63806","-95.28194","13.4","2013-02","1.63"
"USW00012918","HOUSTON WILLIAM P HOBBY AIRPORT, TX US","29.63806","-95.28194","13.4","2013-03","1.18"
"USW00012918","HOUSTON WILLIAM P HOBBY AIRPORT, TX US","29.63806","-95.28194","13.4","2013-04","9.56"
"USW00012918","HOUSTON WILLIAM P HOBBY AIRPORT, TX US","29.63806","-95.28194","13.4","2013-05","2.96"
"USW00012918","HOUSTON WILLIAM P HOBBY AIRPORT, TX US","29.63806","-95.28194","13.4","2013-06","1.37"
"USW00012918","HOUSTON WILLIAM P HOBBY AIRPORT, TX US","29.63806","-95.28194","13.4","2013-07","1.58"
"USW00012918","HOUSTON WILLIAM P HOBBY AIRPORT, TX US","29.63806","-95.28194","13.4","2013-08","1.47"
"USW00012918","HOUSTON WILLIAM P HOBBY AIRPORT, TX US","29.63806","-95.28194","13.4","2013-09","5.95"
"USW00012918","HOUSTON WILLIAM P HOBBY AIRPORT, TX US","29.63806","-95.28194","13.4","2013-10","9.80"
"USW00012918","HOUSTON WILLIAM P HOBBY AIRPORT, TX US","29.63806","-95.28194","13.4","2013-11","3.58"
"USW00012918","HOUSTON WILLIAM P HOBBY AIRPORT, TX US","29.63806","-95.28194","13.4","2013-12","0.87"
"USW00012918","HOUSTON WILLIAM P HOBBY AIRPORT, TX US","29.63806","-95.28194","13.4","2014-01","0.54"
"USW00012918","HOUSTON WILLIAM P HOBBY AIRPORT, TX US","29.63806","-95.28194","13.4","2014-02","2.09"
"USW00012918","HOUSTON WILLIAM P HOBBY AIRPORT, TX US","29.63806","-95.28194","13.4","2014-03","2.54"
"USW00012918","HOUSTON WILLIAM P HOBBY AIRPORT, TX US","29.63806","-95.28194","13.4","2014-04","1.31"
"USW00012918","HOUSTON WILLIAM P HOBBY AIRPORT, TX US","29.63806","-95.28194","13.4","2014-05","10.37"
"USW00012918","HOUSTON WILLIAM P HOBBY AIRPORT, TX US","29.63806","-95.28194","13.4","2014-06","2.98"
"USW00012918","HOUSTON WILLIAM P HOBBY AIRPORT, TX US","29.63806","-95.28194","13.4","2014-07","1.26"
"USW00012918","HOUSTON WILLIAM P HOBBY AIRPORT, TX US","29.63806","-95.28194","13.4","2014-08","3.44"
"USW00012918","HOUSTON WILLIAM P HOBBY AIRPORT, TX US","29.63806","-95.28194","13.4","2014-09","5.00"
"USW00012918","HOUSTON WILLIAM P HOBBY AIRPORT, TX US","29.63806","-95.28194","13.4","2014-10","2.57"
"USW00012918","HOUSTON WILLIAM P HOBBY AIRPORT, TX US","29.63806","-95.28194","13.4","2014-11","4.44"
"USW00012918","HOUSTON WILLIAM P HOBBY AIRPORT, TX US","29.63806","-95.28194","13.4","2014-12","4.61"
"USW00012918","HOUSTON WILLIAM P HOBBY AIRPORT, TX US","29.63806","-95.28194","13.4","2015-01","5.14"
"USW00012918","HOUSTON WILLIAM P HOBBY AIRPORT, TX US","29.63806","-95.28194","13.4","2015-02","0.76"
"USW00012918","HOUSTON WILLIAM P HOBBY AIRPORT, TX US","29.63806","-95.28194","13.4","2015-03","6.38"
"USW00012918","HOUSTON WILLIAM P HOBBY AIRPORT, TX US","29.63806","-95.28194","13.4","2015-04","8.20"
"USW00012918","HOUSTON WILLIAM P HOBBY AIRPORT, TX US","29.63806","-95.28194","13.4","2015-05","14.40"
"USW00012918","HOUSTON WILLIAM P HOBBY AIRPORT, TX US","29.63806","-95.28194","13.4","2015-06","4.87"
"USW00012918","HOUSTON WILLIAM P HOBBY AIRPORT, TX US","29.63806","-95.28194","13.4","2015-07","2.57"
"USW00012918","HOUSTON WILLIAM P HOBBY AIRPORT, TX US","29.63806","-95.28194","13.4","2015-08","10.76"
"USW00012918","HOUSTON WILLIAM P HOBBY AIRPORT, TX US","29.63806","-95.28194","13.4","2015-09","4.46"
"USW00012918","HOUSTON WILLIAM P HOBBY AIRPORT, TX US","29.63806","-95.28194","13.4","2015-10","13.04"
"USW00012918","HOUSTON WILLIAM P HOBBY AIRPORT, TX US","29.63806","-95.28194","13.4","2015-11","3.07"
"USW00012918","HOUSTON WILLIAM P HOBBY AIRPORT, TX US","29.63806","-95.28194","13.4","2015-12","3.48"
"USW00012918","HOUSTON WILLIAM P HOBBY AIRPORT, TX US","29.63806","-95.28194","13.4","2016-01","2.52"
"USW00012918","HOUSTON WILLIAM P HOBBY AIRPORT, TX US","29.63806","-95.28194","13.4","2016-02","1.66"
"USW00012918","HOUSTON WILLIAM P HOBBY AIRPORT, TX US","29.63806","-95.28194","13.4","2016-03","4.15"
"USW00012918","HOUSTON WILLIAM P HOBBY AIRPORT, TX US","29.63806","-95.28194","13.4","2016-04","8.95"
"USW00012918","HOUSTON WILLIAM P HOBBY AIRPORT, TX US","29.63806","-95.28194","13.4","2016-05","7.60"
"USW00012918","HOUSTON WILLIAM P HOBBY AIRPORT, TX US","29.63806","-95.28194","13.4","2016-06","8.83"
"USW00012918","HOUSTON WILLIAM P HOBBY AIRPORT, TX US","29.63806","-95.28194","13.4","2016-07","5.41"
"USW00012918","HOUSTON WILLIAM P HOBBY AIRPORT, TX US","29.63806","-95.28194","13.4","2016-08","8.22"
"USW00012918","HOUSTON WILLIAM P HOBBY AIRPORT, TX US","29.63806","-95.28194","13.4","2016-09","2.31"
"USW00012918","HOUSTON WILLIAM P HOBBY AIRPORT, TX US","29.63806","-95.28194","13.4","2016-10","0.98"
